component_id,component_name,component_type,architectural_role,disabled_or_control_variant,expected_failure_mode,observed_failure_mode,primary_artifact,secondary_artifacts,primary_metric,observed_signal,evidence_strength,interpretation_boundary,paper_claim_allowed,paper_claim_not_allowed
session_commitment,session commitment,functional_component,atomic session admission and budget reservation,ng / wo_commitment,"mid-session cascade, wasted work, no commitment-issued signal",disabling commitment removes commitment-issued signal and degrades completion/cascade behavior in controlled workloads,p3_failure_mechanism_ablation_v1,"mock_regression_p4_refresh_v1,business_workflow_service_v3",commitment_issued / success / cascade_failed,wo_commitment has zero commitment-issued signal; cascade_failed higher vs full,strong_controlled,strong_controlled evidence in p3 workload; bws_v3 extends to larger matrix,session commitment protects session-level admission semantics and reduces mid-session waste under controlled overload,does not prove raw-success dominance in every workload
adaptive_capacity_step0,adaptive capacity Step-0 admission,functional_component,adapt capacity admission under overload while avoiding strict always-on rejection,plangate_strict / plangate_no_capacity_step0,strict over-rejects; no-capacity admits into overload and increases cascade/wasted work,no-capacity can increase raw success but produces much higher cascade and wasted_service_ms; adaptive/strict bound waste through admission,business_workflow_service_v3,adaptive_step0_react_recovery_full_v1,rejected_s0 / cascade_failed / wasted_service_ms / admitted_success_rate,no_capacity_step0 has higher cascade_failed and wasted_service_ms vs adaptive/strict,strong_system,trade-off visible in bws_v3 full sensitivity sweep; provider elasticity changes interpretation (see provider_boundary),adaptive capacity admission exposes and controls the admission-vs-waste trade-off,does not prove adaptive always beats strict in raw success
react_checkpoint_manager,ReAct checkpoint manager,recovery_component,preserve completed ReAct progress after recoverable interruption,adaptive-only without recovery,recoverable ReAct interruption cannot resume; replay waste remains,recovery probes show current_step>0 and avoided_replay_steps>0 after real resume,react_recovery_trigger_probe_v1,"vllm_react_recovery_arm_v2,business_workflow_service_v3",current_step / avoided_replay_steps / resume_recovered,"resume_response_current_step_gt_zero=true, avoided_replay_steps_positive=true",targeted_probe,targeted probe confirms checkpoint mechanics; system experiments confirm integration,ReAct checkpointing preserves completed progress for client-cooperative resume,gateway does not automatically execute future tools
recovery_resume_protocol,client-cooperative recovery resume protocol,recovery_component,expose a safe resume point and require client continuation,adaptive-only / no resume,checkpoint exists but client cannot safely continue remaining steps,"real resume responses return recovered=true, react_client_cooperative mode, current_step>0, and post_resume_success>0 in system experiments",business_workflow_service_v3,"vllm_react_recovery_arm_v2,react_recovery_trigger_probe_v1",resume_recovered / post_resume_success / resume_continuation_completed,"post_resume_success>0, resume_continuation_completed>0 at failure_rate>0",strong_system,proves client-cooperative protocol works in integrated system; does not prove server-only auto-recovery,recovery resume protocol enables real client-cooperative continuation after recoverable interruption,does not prove automatic server-side recovery
commitment_token_integrity,commitment token and admission integrity,protocol_integrity_component,make committed admission state explicit and reject invalid or inconsistent continuation state,wo_commitment / adversarial invalid-token checks,"no commitment signal, invalid continuation, false accepts, inconsistent admission state",wo_commitment disables commitment-issued signal; adversarial checks reject invalid paths in shared-state validations,p3_failure_mechanism_ablation_v1,"cloudlab_random_redis_memory_v1,business_workflow_service_v3",commitment_issued / adversarial_all_rejected / duplicate_admission,p3_failure_ablation: wo_commitment has zero commitment; cloudlab: adversarial_all_rejected=true,supporting,commitment/admission integrity supports explicit committed-session semantics; does not prove complete malicious-client security model,commitment/admission integrity supports explicit committed-session semantics and rejects tested invalid paths,does not prove a complete malicious-client security model
idempotency_side_effect_safety,idempotency and side-effect safety,protocol_integrity_component,preserve side-effect safety under resume/continuation,recovery continuation with side-effecting tools,replay or unsafe continuation can duplicate reserve/payment/order side effects,tested recovery/resume workflows complete with duplicate_side_effect=0,business_workflow_service_v3,vllm_react_recovery_arm_v2,duplicate_side_effect / side_effects_committed / post_resume_success,duplicate_side_effect=0 across all recovery/resume workflows; side_effects_committed>0,strong_system,zero duplicates in tested workflows; does not prove general duplicate prevention or reduction versus retry-only baseline,preserves zero duplicate side effects under tested recovery/resume workflows,does not prove general duplicate prevention or duplicate reduction versus retry-only baseline
redis_shared_state,Redis-backed shared state,distributed_state_component,preserve reservations/checkpoints across random multi-gateway routing,memory-local control,state misses under random routing,Redis records state_miss=0 and duplicate_admission=0 while memory-local control exposes state misses,cloudlab_random_redis_memory_v1,cloudlab_p3_small_random_redis_cp_v2,state_miss_sum / duplicate_admission_sum,"redis: state_miss_zero=true, duplicate_admission_zero=true; memory: state_miss_positive_all_runs=true",strong_system,proves shared state prevents tested cross-node state misses; does not prove production Redis HA or fault tolerance,Redis-backed shared state preserves tested cross-node state consistency under random routing,does not prove production Redis HA or fault tolerance
provider_aware_boundary,provider-aware boundary interpretation,boundary_evidence,distinguish hard backend capacity from elastic provider behavior,cloud backend smoke / cloud provider backend,capacity Step-0 may become admission friction when provider elasticity absorbs load,cloud backend smoke shows cloud-provider elasticity changes the admission trade-off; no-capacity can look best in raw success,cloud_backend_smoke_v1,adaptive_react_recovery_cloudllm_smoke_v1,workflow_success / cascade_failed / provider_error_count,cloud provider smoke: provider elasticity changes admission trade-off; recovery not naturally triggered,diagnostic_boundary,diagnostic only; cloud elasticity masks capacity admission benefit; results must be interpreted conservatively,cloud-provider elasticity changes the admission trade-off and requires conservative interpretation,does not claim no_capacity_step0 is generally better or that PlanGate dominates cloud providers
operator_overhead_deployability,operator overhead and deployability boundary,deployability_evidence,quantify steady-state cost of enabling governance machinery,baseline_gateway,"governance machinery could impose unacceptable steady-state latency, throughput, CPU, or memory overhead",failure-free operator overhead remains bounded; recovery machinery stays idle with zero resume events,operator_overhead_v1,business_workflow_service_v3,added_p95_ms / throughput_delta_pct / gateway_cpu_delta_pct / gateway_peak_rss_delta_mb,added_p95_ms near zero; throughput_delta < 5%; cpu_delta 1-44%; rss_delta ~5MB; idle recovery adds no resume events,deployability,measures steady-state overhead in lightweight failure-free workflows; does not measure governance effectiveness,PlanGate has bounded steady-state overhead in tested lightweight failure-free workflows,overhead artifact does not prove governance effectiveness
