gateway,window_id,window_label,scale,repeat,selected_trace_rows,duration_s,success,success_rate,abd,abd_total,cascade_failed,cascade_rate,all_rejected,step0_rejected,effective_goodput_s,p50_ms,p95_ms,client_rc,client_timed_out,error,backend_mode,source_trace_sha256
ng,normal,normal,1.0,1,24,19.576,24,100.0,0.0,0.0,0,0.0,0,0,15.886659,155.208,805.841,0,0,,mock_sterile_single_machine,4bb3783693d0a435686fbfc885615d2349bd067239079fa4b749f2e679e12122
ng,normal,normal,1.0,2,24,17.227,24,100.0,0.0,0.0,0,0.0,0,0,10.797308,155.075,805.754,0,0,,mock_sterile_single_machine,4bb3783693d0a435686fbfc885615d2349bd067239079fa4b749f2e679e12122
ng,normal,normal,1.0,3,24,18.347,24,100.0,0.0,0.0,0,0.0,0,0,12.26383,155.994,806.303,0,0,,mock_sterile_single_machine,4bb3783693d0a435686fbfc885615d2349bd067239079fa4b749f2e679e12122
ng,normal,normal,1.5,1,24,12.716,23,95.833,0.0,0.0,0,0.0,1,1,15.492053,155.683,806.54,0,0,,mock_sterile_single_machine,4bb3783693d0a435686fbfc885615d2349bd067239079fa4b749f2e679e12122
ng,normal,normal,1.5,2,24,12.706,24,100.0,0.0,0.0,0,0.0,0,0,17.550956,155.252,806.327,0,0,,mock_sterile_single_machine,4bb3783693d0a435686fbfc885615d2349bd067239079fa4b749f2e679e12122
ng,normal,normal,1.5,3,24,13.052,24,100.0,0.0,0.0,0,0.0,0,0,20.073784,155.948,807.182,0,0,,mock_sterile_single_machine,4bb3783693d0a435686fbfc885615d2349bd067239079fa4b749f2e679e12122
ng,normal,normal,2.0,1,24,11.015,23,95.833,0.0,0.0,0,0.0,1,1,19.428847,155.759,807.649,0,0,,mock_sterile_single_machine,4bb3783693d0a435686fbfc885615d2349bd067239079fa4b749f2e679e12122
ng,normal,normal,2.0,2,24,12.306,24,100.0,0.0,0.0,0,0.0,0,0,18.770825,155.434,806.21,0,0,,mock_sterile_single_machine,4bb3783693d0a435686fbfc885615d2349bd067239079fa4b749f2e679e12122
ng,normal,normal,2.0,3,24,12.338,23,95.833,0.0,0.0,0,0.0,1,1,21.397518,155.874,806.187,0,0,,mock_sterile_single_machine,4bb3783693d0a435686fbfc885615d2349bd067239079fa4b749f2e679e12122
ng,burst,burst,1.0,1,24,8.95,24,100.0,0.0,0.0,0,0.0,0,0,28.157677,156.202,807.59,0,0,,mock_sterile_single_machine,4bb3783693d0a435686fbfc885615d2349bd067239079fa4b749f2e679e12122
ng,burst,burst,1.0,2,24,8.404,24,100.0,0.0,0.0,0,0.0,0,0,29.511212,155.859,806.649,0,0,,mock_sterile_single_machine,4bb3783693d0a435686fbfc885615d2349bd067239079fa4b749f2e679e12122
ng,burst,burst,1.0,3,24,8.782,24,100.0,0.0,0.0,0,0.0,0,0,28.695703,156.354,807.373,0,0,,mock_sterile_single_machine,4bb3783693d0a435686fbfc885615d2349bd067239079fa4b749f2e679e12122
ng,burst,burst,1.5,1,24,6.771,24,100.0,0.0,0.0,0,0.0,0,0,34.11529,156.075,806.635,0,0,,mock_sterile_single_machine,4bb3783693d0a435686fbfc885615d2349bd067239079fa4b749f2e679e12122
ng,burst,burst,1.5,2,24,7.342,24,100.0,0.0,0.0,0,0.0,0,0,34.050035,155.393,806.375,0,0,,mock_sterile_single_machine,4bb3783693d0a435686fbfc885615d2349bd067239079fa4b749f2e679e12122
ng,burst,burst,1.5,3,24,5.589,24,100.0,0.0,0.0,0,0.0,0,0,33.101229,155.802,806.524,0,0,,mock_sterile_single_machine,4bb3783693d0a435686fbfc885615d2349bd067239079fa4b749f2e679e12122
ng,burst,burst,2.0,1,24,5.901,24,100.0,0.0,0.0,0,0.0,0,0,37.280381,154.174,806.167,0,0,,mock_sterile_single_machine,4bb3783693d0a435686fbfc885615d2349bd067239079fa4b749f2e679e12122
ng,burst,burst,2.0,2,24,6.329,24,100.0,0.0,0.0,0,0.0,0,0,40.130724,155.977,806.963,0,0,,mock_sterile_single_machine,4bb3783693d0a435686fbfc885615d2349bd067239079fa4b749f2e679e12122
ng,burst,burst,2.0,3,24,6.987,24,100.0,0.0,0.0,0,0.0,0,0,34.065396,156.015,806.567,0,0,,mock_sterile_single_machine,4bb3783693d0a435686fbfc885615d2349bd067239079fa4b749f2e679e12122
ng,peak_burst,peak-burst,1.0,1,24,7.448,24,100.0,0.0,0.0,0,0.0,0,0,36.385507,156.353,807.462,0,0,,mock_sterile_single_machine,4bb3783693d0a435686fbfc885615d2349bd067239079fa4b749f2e679e12122
ng,peak_burst,peak-burst,1.0,2,24,4.812,24,100.0,0.0,0.0,0,0.0,0,0,44.883808,156.016,806.427,0,0,,mock_sterile_single_machine,4bb3783693d0a435686fbfc885615d2349bd067239079fa4b749f2e679e12122
ng,peak_burst,peak-burst,1.0,3,24,6.144,24,100.0,0.0,0.0,0,0.0,0,0,45.246432,155.519,807.486,0,0,,mock_sterile_single_machine,4bb3783693d0a435686fbfc885615d2349bd067239079fa4b749f2e679e12122
ng,peak_burst,peak-burst,1.5,1,24,4.665,24,100.0,0.0,0.0,0,0.0,0,0,39.655819,154.031,805.233,0,0,,mock_sterile_single_machine,4bb3783693d0a435686fbfc885615d2349bd067239079fa4b749f2e679e12122
ng,peak_burst,peak-burst,1.5,2,24,4.681,23,95.833,4.167,4.167,1,4.167,0,0,40.379038,155.776,806.877,0,0,,mock_sterile_single_machine,4bb3783693d0a435686fbfc885615d2349bd067239079fa4b749f2e679e12122
ng,peak_burst,peak-burst,1.5,3,24,5.016,22,91.667,0.0,0.0,0,0.0,2,2,40.867952,155.277,806.28,0,0,,mock_sterile_single_machine,4bb3783693d0a435686fbfc885615d2349bd067239079fa4b749f2e679e12122
ng,peak_burst,peak-burst,2.0,1,24,5.172,24,100.0,0.0,0.0,0,0.0,0,0,40.79345,156.013,806.991,0,0,,mock_sterile_single_machine,4bb3783693d0a435686fbfc885615d2349bd067239079fa4b749f2e679e12122
ng,peak_burst,peak-burst,2.0,2,24,3.893,24,100.0,0.0,0.0,0,0.0,0,0,51.119812,155.839,806.772,0,0,,mock_sterile_single_machine,4bb3783693d0a435686fbfc885615d2349bd067239079fa4b749f2e679e12122
ng,peak_burst,peak-burst,2.0,3,24,5.158,24,100.0,0.0,0.0,0,0.0,0,0,45.75206,155.712,806.605,0,0,,mock_sterile_single_machine,4bb3783693d0a435686fbfc885615d2349bd067239079fa4b749f2e679e12122
static,normal,normal,1.0,1,24,17.447,24,100.0,0.0,0.0,0,0.0,0,0,11.692671,155.676,808.461,0,0,,mock_sterile_single_machine,4bb3783693d0a435686fbfc885615d2349bd067239079fa4b749f2e679e12122
static,normal,normal,1.0,2,24,17.195,24,100.0,0.0,0.0,0,0.0,0,0,11.980033,155.98,806.561,0,0,,mock_sterile_single_machine,4bb3783693d0a435686fbfc885615d2349bd067239079fa4b749f2e679e12122
static,normal,normal,1.0,3,24,17.076,24,100.0,0.0,0.0,0,0.0,0,0,11.126969,156.208,807.353,0,0,,mock_sterile_single_machine,4bb3783693d0a435686fbfc885615d2349bd067239079fa4b749f2e679e12122
static,normal,normal,1.5,1,24,14.978,24,100.0,0.0,0.0,0,0.0,0,0,20.163319,156.655,808.937,0,0,,mock_sterile_single_machine,4bb3783693d0a435686fbfc885615d2349bd067239079fa4b749f2e679e12122
static,normal,normal,1.5,2,24,13.537,24,100.0,0.0,0.0,0,0.0,0,0,16.620729,155.982,807.737,0,0,,mock_sterile_single_machine,4bb3783693d0a435686fbfc885615d2349bd067239079fa4b749f2e679e12122
static,normal,normal,1.5,3,24,13.361,24,100.0,0.0,0.0,0,0.0,0,0,17.363343,156.254,807.339,0,0,,mock_sterile_single_machine,4bb3783693d0a435686fbfc885615d2349bd067239079fa4b749f2e679e12122
static,normal,normal,2.0,1,24,12.477,24,100.0,0.0,0.0,0,0.0,0,0,21.399715,156.11,806.819,0,0,,mock_sterile_single_machine,4bb3783693d0a435686fbfc885615d2349bd067239079fa4b749f2e679e12122
static,normal,normal,2.0,2,24,10.864,24,100.0,0.0,0.0,0,0.0,0,0,20.157717,155.449,806.278,0,0,,mock_sterile_single_machine,4bb3783693d0a435686fbfc885615d2349bd067239079fa4b749f2e679e12122
static,normal,normal,2.0,3,24,10.738,24,100.0,0.0,0.0,0,0.0,0,0,21.418844,155.733,806.509,0,0,,mock_sterile_single_machine,4bb3783693d0a435686fbfc885615d2349bd067239079fa4b749f2e679e12122
static,burst,burst,1.0,1,24,10.547,24,100.0,0.0,0.0,0,0.0,0,0,28.348841,156.815,807.038,0,0,,mock_sterile_single_machine,4bb3783693d0a435686fbfc885615d2349bd067239079fa4b749f2e679e12122
static,burst,burst,1.0,2,24,8.775,24,100.0,0.0,0.0,0,0.0,0,0,23.930849,155.424,806.702,0,0,,mock_sterile_single_machine,4bb3783693d0a435686fbfc885615d2349bd067239079fa4b749f2e679e12122
static,burst,burst,1.0,3,24,8.072,24,100.0,0.0,0.0,0,0.0,0,0,28.987574,156.282,807.253,0,0,,mock_sterile_single_machine,4bb3783693d0a435686fbfc885615d2349bd067239079fa4b749f2e679e12122
static,burst,burst,1.5,1,24,5.999,24,100.0,0.0,0.0,0,0.0,0,0,36.170437,155.394,806.073,0,0,,mock_sterile_single_machine,4bb3783693d0a435686fbfc885615d2349bd067239079fa4b749f2e679e12122
static,burst,burst,1.5,2,24,8.237,24,100.0,0.0,0.0,0,0.0,0,0,38.486731,156.043,806.653,0,0,,mock_sterile_single_machine,4bb3783693d0a435686fbfc885615d2349bd067239079fa4b749f2e679e12122
static,burst,burst,1.5,3,24,7.716,24,100.0,0.0,0.0,0,0.0,0,0,30.326226,155.547,806.324,0,0,,mock_sterile_single_machine,4bb3783693d0a435686fbfc885615d2349bd067239079fa4b749f2e679e12122
static,burst,burst,2.0,1,24,5.948,24,100.0,0.0,0.0,0,0.0,0,0,43.210593,156.726,807.491,0,0,,mock_sterile_single_machine,4bb3783693d0a435686fbfc885615d2349bd067239079fa4b749f2e679e12122
static,burst,burst,2.0,2,24,8.288,24,100.0,0.0,0.0,0,0.0,0,0,29.440136,156.051,806.828,0,0,,mock_sterile_single_machine,4bb3783693d0a435686fbfc885615d2349bd067239079fa4b749f2e679e12122
static,burst,burst,2.0,3,24,6.948,24,100.0,0.0,0.0,0,0.0,0,0,33.823107,155.931,806.46,0,0,,mock_sterile_single_machine,4bb3783693d0a435686fbfc885615d2349bd067239079fa4b749f2e679e12122
static,peak_burst,peak-burst,1.0,1,24,6.143,24,100.0,0.0,0.0,0,0.0,0,0,47.207593,156.256,807.684,0,0,,mock_sterile_single_machine,4bb3783693d0a435686fbfc885615d2349bd067239079fa4b749f2e679e12122
static,peak_burst,peak-burst,1.0,2,24,5.347,23,95.833,0.0,0.0,0,0.0,1,1,45.072782,156.495,807.566,0,0,,mock_sterile_single_machine,4bb3783693d0a435686fbfc885615d2349bd067239079fa4b749f2e679e12122
static,peak_burst,peak-burst,1.0,3,24,4.013,23,95.833,0.0,0.0,0,0.0,1,1,46.842165,155.876,809.515,0,0,,mock_sterile_single_machine,4bb3783693d0a435686fbfc885615d2349bd067239079fa4b749f2e679e12122
static,peak_burst,peak-burst,1.5,1,24,4.69,22,91.667,4.348,4.348,1,4.167,1,1,47.762031,156.068,806.668,0,0,,mock_sterile_single_machine,4bb3783693d0a435686fbfc885615d2349bd067239079fa4b749f2e679e12122
static,peak_burst,peak-burst,1.5,2,24,5.987,24,100.0,0.0,0.0,0,0.0,0,0,40.422171,155.667,807.699,0,0,,mock_sterile_single_machine,4bb3783693d0a435686fbfc885615d2349bd067239079fa4b749f2e679e12122
static,peak_burst,peak-burst,1.5,3,24,4.834,23,95.833,0.0,0.0,0,0.0,1,1,43.653005,155.664,806.322,0,0,,mock_sterile_single_machine,4bb3783693d0a435686fbfc885615d2349bd067239079fa4b749f2e679e12122
static,peak_burst,peak-burst,2.0,1,24,4.511,23,95.833,0.0,0.0,0,0.0,1,1,52.315023,154.981,805.709,0,0,,mock_sterile_single_machine,4bb3783693d0a435686fbfc885615d2349bd067239079fa4b749f2e679e12122
static,peak_burst,peak-burst,2.0,2,24,4.679,23,95.833,0.0,0.0,0,0.0,1,1,45.948707,154.806,806.315,0,0,,mock_sterile_single_machine,4bb3783693d0a435686fbfc885615d2349bd067239079fa4b749f2e679e12122
static,peak_burst,peak-burst,2.0,3,24,4.353,24,100.0,0.0,0.0,0,0.0,0,0,51.462784,156.133,807.137,0,0,,mock_sterile_single_machine,4bb3783693d0a435686fbfc885615d2349bd067239079fa4b749f2e679e12122
pp,normal,normal,1.0,1,24,16.792,24,100.0,0.0,0.0,0,0.0,0,0,11.851026,155.728,806.98,0,0,,mock_sterile_single_machine,4bb3783693d0a435686fbfc885615d2349bd067239079fa4b749f2e679e12122
pp,normal,normal,1.0,2,24,17.226,24,100.0,0.0,0.0,0,0.0,0,0,12.24859,155.77,806.297,0,0,,mock_sterile_single_machine,4bb3783693d0a435686fbfc885615d2349bd067239079fa4b749f2e679e12122
pp,normal,normal,1.0,3,24,17.687,24,100.0,0.0,0.0,0,0.0,0,0,12.212191,156.464,806.78,0,0,,mock_sterile_single_machine,4bb3783693d0a435686fbfc885615d2349bd067239079fa4b749f2e679e12122
pp,normal,normal,1.5,1,24,14.182,24,100.0,0.0,0.0,0,0.0,0,0,18.545257,156.36,807.374,0,0,,mock_sterile_single_machine,4bb3783693d0a435686fbfc885615d2349bd067239079fa4b749f2e679e12122
pp,normal,normal,1.5,2,24,14.809,23,95.833,0.0,0.0,0,0.0,1,1,18.771742,156.373,807.045,0,0,,mock_sterile_single_machine,4bb3783693d0a435686fbfc885615d2349bd067239079fa4b749f2e679e12122
pp,normal,normal,1.5,3,24,14.514,24,100.0,0.0,0.0,0,0.0,0,0,18.258192,156.839,806.673,0,0,,mock_sterile_single_machine,4bb3783693d0a435686fbfc885615d2349bd067239079fa4b749f2e679e12122
pp,normal,normal,2.0,1,24,11.684,23,95.833,0.0,0.0,0,0.0,1,1,19.769959,155.787,806.701,0,0,,mock_sterile_single_machine,4bb3783693d0a435686fbfc885615d2349bd067239079fa4b749f2e679e12122
pp,normal,normal,2.0,2,24,13.08,24,100.0,0.0,0.0,0,0.0,0,0,19.724623,156.1,807.151,0,0,,mock_sterile_single_machine,4bb3783693d0a435686fbfc885615d2349bd067239079fa4b749f2e679e12122
pp,normal,normal,2.0,3,24,12.171,24,100.0,0.0,0.0,0,0.0,0,0,23.826893,156.465,807.274,0,0,,mock_sterile_single_machine,4bb3783693d0a435686fbfc885615d2349bd067239079fa4b749f2e679e12122
pp,burst,burst,1.0,1,24,9.599,24,100.0,0.0,0.0,0,0.0,0,0,24.481834,156.142,806.981,0,0,,mock_sterile_single_machine,4bb3783693d0a435686fbfc885615d2349bd067239079fa4b749f2e679e12122
pp,burst,burst,1.0,2,24,9.381,24,100.0,0.0,0.0,0,0.0,0,0,30.168245,156.226,807.796,0,0,,mock_sterile_single_machine,4bb3783693d0a435686fbfc885615d2349bd067239079fa4b749f2e679e12122
pp,burst,burst,1.0,3,24,7.186,24,100.0,0.0,0.0,0,0.0,0,0,23.100841,155.32,808.348,0,0,,mock_sterile_single_machine,4bb3783693d0a435686fbfc885615d2349bd067239079fa4b749f2e679e12122
pp,burst,burst,1.5,1,24,5.945,24,100.0,0.0,0.0,0,0.0,0,0,35.830531,155.788,806.967,0,0,,mock_sterile_single_machine,4bb3783693d0a435686fbfc885615d2349bd067239079fa4b749f2e679e12122
pp,burst,burst,1.5,2,24,6.709,24,100.0,0.0,0.0,0,0.0,0,0,35.921455,155.208,806.184,0,0,,mock_sterile_single_machine,4bb3783693d0a435686fbfc885615d2349bd067239079fa4b749f2e679e12122
pp,burst,burst,1.5,3,24,7.639,24,100.0,0.0,0.0,0,0.0,0,0,38.615165,155.915,807.344,0,0,,mock_sterile_single_machine,4bb3783693d0a435686fbfc885615d2349bd067239079fa4b749f2e679e12122
pp,burst,burst,2.0,1,24,4.585,24,100.0,0.0,0.0,0,0.0,0,0,43.841248,155.555,806.531,0,0,,mock_sterile_single_machine,4bb3783693d0a435686fbfc885615d2349bd067239079fa4b749f2e679e12122
pp,burst,burst,2.0,2,24,6.06,24,100.0,0.0,0.0,0,0.0,0,0,38.943657,155.944,807.082,0,0,,mock_sterile_single_machine,4bb3783693d0a435686fbfc885615d2349bd067239079fa4b749f2e679e12122
pp,burst,burst,2.0,3,24,6.329,24,100.0,0.0,0.0,0,0.0,0,0,40.608365,155.872,806.6,0,0,,mock_sterile_single_machine,4bb3783693d0a435686fbfc885615d2349bd067239079fa4b749f2e679e12122
pp,peak_burst,peak-burst,1.0,1,24,4.995,24,100.0,0.0,0.0,0,0.0,0,0,47.445963,156.198,811.611,0,0,,mock_sterile_single_machine,4bb3783693d0a435686fbfc885615d2349bd067239079fa4b749f2e679e12122
pp,peak_burst,peak-burst,1.0,2,24,2.616,10,41.667,9.091,9.091,1,4.167,13,13,36.698071,19.562,807.742,0,0,,mock_sterile_single_machine,4bb3783693d0a435686fbfc885615d2349bd067239079fa4b749f2e679e12122
pp,peak_burst,peak-burst,1.0,3,24,1.635,4,16.667,0.0,0.0,0,0.0,20,20,20.188361,4.202,805.217,0,0,,mock_sterile_single_machine,4bb3783693d0a435686fbfc885615d2349bd067239079fa4b749f2e679e12122
pp,peak_burst,peak-burst,1.5,1,24,2.745,5,20.833,16.667,16.667,1,4.167,18,18,19.305088,4.416,806.172,0,0,,mock_sterile_single_machine,4bb3783693d0a435686fbfc885615d2349bd067239079fa4b749f2e679e12122
pp,peak_burst,peak-burst,1.5,2,24,3.057,7,29.167,0.0,0.0,0,0.0,17,17,19.62864,17.622,806.284,0,0,,mock_sterile_single_machine,4bb3783693d0a435686fbfc885615d2349bd067239079fa4b749f2e679e12122
pp,peak_burst,peak-burst,1.5,3,24,2.582,3,12.5,0.0,0.0,0,0.0,21,21,15.493279,4.389,804.151,0,0,,mock_sterile_single_machine,4bb3783693d0a435686fbfc885615d2349bd067239079fa4b749f2e679e12122
pp,peak_burst,peak-burst,2.0,1,24,1.617,5,20.833,0.0,0.0,0,0.0,19,19,18.547247,2.841,804.852,0,0,,mock_sterile_single_machine,4bb3783693d0a435686fbfc885615d2349bd067239079fa4b749f2e679e12122
pp,peak_burst,peak-burst,2.0,2,24,2.6,5,20.833,0.0,0.0,0,0.0,19,19,21.153438,4.398,805.753,0,0,,mock_sterile_single_machine,4bb3783693d0a435686fbfc885615d2349bd067239079fa4b749f2e679e12122
pp,peak_burst,peak-burst,2.0,3,24,1.626,1,4.167,0.0,0.0,0,0.0,23,23,6.766724,2.972,805.126,0,0,,mock_sterile_single_machine,4bb3783693d0a435686fbfc885615d2349bd067239079fa4b749f2e679e12122
rajomon,normal,normal,1.0,1,24,18.516,23,95.833,0.0,0.0,0,0.0,1,1,13.015754,156.491,807.983,0,0,,mock_sterile_single_machine,4bb3783693d0a435686fbfc885615d2349bd067239079fa4b749f2e679e12122
rajomon,normal,normal,1.0,2,24,19.006,24,100.0,0.0,0.0,0,0.0,0,0,12.048948,156.071,807.583,0,0,,mock_sterile_single_machine,4bb3783693d0a435686fbfc885615d2349bd067239079fa4b749f2e679e12122
rajomon,normal,normal,1.0,3,24,17.874,24,100.0,0.0,0.0,0,0.0,0,0,13.539452,155.969,806.67,0,0,,mock_sterile_single_machine,4bb3783693d0a435686fbfc885615d2349bd067239079fa4b749f2e679e12122
rajomon,normal,normal,1.5,1,24,14.007,24,100.0,0.0,0.0,0,0.0,0,0,16.063176,155.546,806.383,0,0,,mock_sterile_single_machine,4bb3783693d0a435686fbfc885615d2349bd067239079fa4b749f2e679e12122
rajomon,normal,normal,1.5,2,24,13.871,24,100.0,0.0,0.0,0,0.0,0,0,18.095206,155.959,806.964,0,0,,mock_sterile_single_machine,4bb3783693d0a435686fbfc885615d2349bd067239079fa4b749f2e679e12122
rajomon,normal,normal,1.5,3,24,15.121,24,100.0,0.0,0.0,0,0.0,0,0,16.798274,154.47,807.147,0,0,,mock_sterile_single_machine,4bb3783693d0a435686fbfc885615d2349bd067239079fa4b749f2e679e12122
rajomon,normal,normal,2.0,1,24,12.333,24,100.0,0.0,0.0,0,0.0,0,0,20.513591,156.199,807.414,0,0,,mock_sterile_single_machine,4bb3783693d0a435686fbfc885615d2349bd067239079fa4b749f2e679e12122
rajomon,normal,normal,2.0,2,24,11.388,24,100.0,0.0,0.0,0,0.0,0,0,22.39209,156.026,806.221,0,0,,mock_sterile_single_machine,4bb3783693d0a435686fbfc885615d2349bd067239079fa4b749f2e679e12122
rajomon,normal,normal,2.0,3,24,13.142,24,100.0,0.0,0.0,0,0.0,0,0,18.565949,156.003,806.627,0,0,,mock_sterile_single_machine,4bb3783693d0a435686fbfc885615d2349bd067239079fa4b749f2e679e12122
rajomon,burst,burst,1.0,1,24,8.787,24,100.0,0.0,0.0,0,0.0,0,0,30.385864,156.137,807.133,0,0,,mock_sterile_single_machine,4bb3783693d0a435686fbfc885615d2349bd067239079fa4b749f2e679e12122
rajomon,burst,burst,1.0,2,24,9.086,24,100.0,0.0,0.0,0,0.0,0,0,29.056087,156.485,811.717,0,0,,mock_sterile_single_machine,4bb3783693d0a435686fbfc885615d2349bd067239079fa4b749f2e679e12122
rajomon,burst,burst,1.0,3,24,8.641,24,100.0,0.0,0.0,0,0.0,0,0,32.056629,156.364,809.662,0,0,,mock_sterile_single_machine,4bb3783693d0a435686fbfc885615d2349bd067239079fa4b749f2e679e12122
rajomon,burst,burst,1.5,1,24,8.634,24,100.0,0.0,0.0,0,0.0,0,0,28.609126,157.057,807.025,0,0,,mock_sterile_single_machine,4bb3783693d0a435686fbfc885615d2349bd067239079fa4b749f2e679e12122
rajomon,burst,burst,1.5,2,24,8.219,24,100.0,0.0,0.0,0,0.0,0,0,26.03603,155.152,806.477,0,0,,mock_sterile_single_machine,4bb3783693d0a435686fbfc885615d2349bd067239079fa4b749f2e679e12122
rajomon,burst,burst,1.5,3,24,7.158,24,100.0,0.0,0.0,0,0.0,0,0,34.368557,155.289,806.347,0,0,,mock_sterile_single_machine,4bb3783693d0a435686fbfc885615d2349bd067239079fa4b749f2e679e12122
rajomon,burst,burst,2.0,1,24,6.029,24,100.0,0.0,0.0,0,0.0,0,0,43.289381,156.326,806.62,0,0,,mock_sterile_single_machine,4bb3783693d0a435686fbfc885615d2349bd067239079fa4b749f2e679e12122
rajomon,burst,burst,2.0,2,24,6.039,24,100.0,0.0,0.0,0,0.0,0,0,44.044836,155.852,806.948,0,0,,mock_sterile_single_machine,4bb3783693d0a435686fbfc885615d2349bd067239079fa4b749f2e679e12122
rajomon,burst,burst,2.0,3,24,5.386,24,100.0,0.0,0.0,0,0.0,0,0,35.830455,155.729,808.267,0,0,,mock_sterile_single_machine,4bb3783693d0a435686fbfc885615d2349bd067239079fa4b749f2e679e12122
rajomon,peak_burst,peak-burst,1.0,1,24,4.998,24,100.0,0.0,0.0,0,0.0,0,0,47.221932,156.125,807.881,0,0,,mock_sterile_single_machine,4bb3783693d0a435686fbfc885615d2349bd067239079fa4b749f2e679e12122
rajomon,peak_burst,peak-burst,1.0,2,24,5.654,24,100.0,0.0,0.0,0,0.0,0,0,46.693558,156.464,807.451,0,0,,mock_sterile_single_machine,4bb3783693d0a435686fbfc885615d2349bd067239079fa4b749f2e679e12122
rajomon,peak_burst,peak-burst,1.0,3,24,6.298,24,100.0,0.0,0.0,0,0.0,0,0,41.915531,156.226,807.114,0,0,,mock_sterile_single_machine,4bb3783693d0a435686fbfc885615d2349bd067239079fa4b749f2e679e12122
rajomon,peak_burst,peak-burst,1.5,1,24,4.178,24,100.0,0.0,0.0,0,0.0,0,0,51.459944,155.009,806.657,0,0,,mock_sterile_single_machine,4bb3783693d0a435686fbfc885615d2349bd067239079fa4b749f2e679e12122
rajomon,peak_burst,peak-burst,1.5,2,24,4.849,23,95.833,0.0,0.0,0,0.0,1,1,40.216933,156.208,807.286,0,0,,mock_sterile_single_machine,4bb3783693d0a435686fbfc885615d2349bd067239079fa4b749f2e679e12122
rajomon,peak_burst,peak-burst,1.5,3,24,5.171,23,95.833,0.0,0.0,0,0.0,1,1,48.922326,156.072,812.945,0,0,,mock_sterile_single_machine,4bb3783693d0a435686fbfc885615d2349bd067239079fa4b749f2e679e12122
rajomon,peak_burst,peak-burst,2.0,1,24,3.579,22,91.667,0.0,0.0,0,0.0,2,2,53.922294,155.203,807.009,0,0,,mock_sterile_single_machine,4bb3783693d0a435686fbfc885615d2349bd067239079fa4b749f2e679e12122
rajomon,peak_burst,peak-burst,2.0,2,24,6.442,24,100.0,0.0,0.0,0,0.0,0,0,40.824678,155.828,807.022,0,0,,mock_sterile_single_machine,4bb3783693d0a435686fbfc885615d2349bd067239079fa4b749f2e679e12122
rajomon,peak_burst,peak-burst,2.0,3,24,4.8,23,95.833,0.0,0.0,0,0.0,1,1,42.914894,155.979,807.009,0,0,,mock_sterile_single_machine,4bb3783693d0a435686fbfc885615d2349bd067239079fa4b749f2e679e12122
plangate_relaxed,normal,normal,1.0,1,24,17.446,9,37.5,52.632,52.632,10,41.667,5,5,6.190494,8.692,808.856,0,0,,mock_sterile_single_machine,4bb3783693d0a435686fbfc885615d2349bd067239079fa4b749f2e679e12122
plangate_relaxed,normal,normal,1.0,2,24,21.007,6,25.0,68.421,68.421,13,54.167,5,5,2.284908,154.255,1442.813,0,0,,mock_sterile_single_machine,4bb3783693d0a435686fbfc885615d2349bd067239079fa4b749f2e679e12122
plangate_relaxed,normal,normal,1.0,3,24,31.03,0,0.0,0.0,0.0,0,0.0,24,24,0.0,6002.595,6006.624,0,0,,mock_sterile_single_machine,4bb3783693d0a435686fbfc885615d2349bd067239079fa4b749f2e679e12122
plangate_relaxed,normal,normal,1.5,1,24,21.992,11,45.833,26.667,26.667,4,16.667,9,9,4.910861,646.354,6002.894,0,0,,mock_sterile_single_machine,4bb3783693d0a435686fbfc885615d2349bd067239079fa4b749f2e679e12122
plangate_relaxed,normal,normal,1.5,2,24,11.44,10,41.667,50.0,50.0,10,41.667,4,4,7.168078,156.705,817.916,0,0,,mock_sterile_single_machine,4bb3783693d0a435686fbfc885615d2349bd067239079fa4b749f2e679e12122
plangate_relaxed,normal,normal,1.5,3,24,23.543,9,37.5,30.769,30.769,4,16.667,11,11,3.865291,805.774,6008.853,0,0,,mock_sterile_single_machine,4bb3783693d0a435686fbfc885615d2349bd067239079fa4b749f2e679e12122
plangate_relaxed,normal,normal,2.0,1,24,19.014,8,33.333,27.273,27.273,3,12.5,13,13,3.471217,157.117,6003.017,0,0,,mock_sterile_single_machine,4bb3783693d0a435686fbfc885615d2349bd067239079fa4b749f2e679e12122
plangate_relaxed,normal,normal,2.0,2,24,12.991,17,70.833,26.087,26.087,6,25.0,1,1,14.010231,156.217,1140.758,0,0,,mock_sterile_single_machine,4bb3783693d0a435686fbfc885615d2349bd067239079fa4b749f2e679e12122
plangate_relaxed,normal,normal,2.0,3,24,20.396,8,33.333,33.333,33.333,4,16.667,12,12,3.873295,804.461,6005.875,0,0,,mock_sterile_single_machine,4bb3783693d0a435686fbfc885615d2349bd067239079fa4b749f2e679e12122
plangate_relaxed,burst,burst,1.0,1,24,7.992,14,58.333,36.364,36.364,8,33.333,2,2,20.019272,155.628,807.245,0,0,,mock_sterile_single_machine,4bb3783693d0a435686fbfc885615d2349bd067239079fa4b749f2e679e12122
plangate_relaxed,burst,burst,1.0,2,24,17.027,7,29.167,41.667,41.667,5,20.833,12,12,4.522348,156.321,6003.101,0,0,,mock_sterile_single_machine,4bb3783693d0a435686fbfc885615d2349bd067239079fa4b749f2e679e12122
plangate_relaxed,burst,burst,1.0,3,24,17.16,4,16.667,55.556,55.556,5,20.833,15,15,2.622355,807.252,6002.133,0,0,,mock_sterile_single_machine,4bb3783693d0a435686fbfc885615d2349bd067239079fa4b749f2e679e12122
plangate_relaxed,burst,burst,1.5,1,24,13.35,10,41.667,28.571,28.571,4,16.667,10,10,4.194796,156.426,6003.063,0,0,,mock_sterile_single_machine,4bb3783693d0a435686fbfc885615d2349bd067239079fa4b749f2e679e12122
plangate_relaxed,burst,burst,1.5,2,24,16.405,15,62.5,21.053,21.053,4,16.667,5,5,9.326363,156.866,6001.806,0,0,,mock_sterile_single_machine,4bb3783693d0a435686fbfc885615d2349bd067239079fa4b749f2e679e12122
plangate_relaxed,burst,burst,1.5,3,24,18.354,4,16.667,50.0,50.0,4,16.667,16,16,1.471098,4684.543,6005.868,0,0,,mock_sterile_single_machine,4bb3783693d0a435686fbfc885615d2349bd067239079fa4b749f2e679e12122
plangate_relaxed,burst,burst,2.0,1,24,9.514,8,33.333,57.895,57.895,11,45.833,5,5,5.886361,156.05,6001.454,0,0,,mock_sterile_single_machine,4bb3783693d0a435686fbfc885615d2349bd067239079fa4b749f2e679e12122
plangate_relaxed,burst,burst,2.0,2,24,15.406,6,25.0,25.0,25.0,2,8.333,16,16,2.401597,806.624,6007.426,0,0,,mock_sterile_single_machine,4bb3783693d0a435686fbfc885615d2349bd067239079fa4b749f2e679e12122
plangate_relaxed,burst,burst,2.0,3,24,16.773,10,41.667,23.077,23.077,3,12.5,11,11,3.755939,806.683,6002.536,0,0,,mock_sterile_single_machine,4bb3783693d0a435686fbfc885615d2349bd067239079fa4b749f2e679e12122
plangate_relaxed,peak_burst,peak-burst,1.0,1,24,18.791,2,8.333,33.333,33.333,1,4.167,21,21,0.95789,6001.948,6012.875,0,0,,mock_sterile_single_machine,4bb3783693d0a435686fbfc885615d2349bd067239079fa4b749f2e679e12122
plangate_relaxed,peak_burst,peak-burst,1.0,2,24,18.028,0,0.0,100.0,100.0,2,8.333,22,22,0.0,6001.856,6012.733,0,0,,mock_sterile_single_machine,4bb3783693d0a435686fbfc885615d2349bd067239079fa4b749f2e679e12122
plangate_relaxed,peak_burst,peak-burst,1.0,3,24,13.095,7,29.167,53.333,53.333,8,33.333,9,9,5.345646,158.032,6006.329,0,0,,mock_sterile_single_machine,4bb3783693d0a435686fbfc885615d2349bd067239079fa4b749f2e679e12122
plangate_relaxed,peak_burst,peak-burst,1.5,1,24,13.308,7,29.167,50.0,50.0,7,29.167,10,10,4.207963,164.633,6002.586,0,0,,mock_sterile_single_machine,4bb3783693d0a435686fbfc885615d2349bd067239079fa4b749f2e679e12122
plangate_relaxed,peak_burst,peak-burst,1.5,2,24,18.293,2,8.333,60.0,60.0,3,12.5,19,19,1.530603,6001.107,6010.72,0,0,,mock_sterile_single_machine,4bb3783693d0a435686fbfc885615d2349bd067239079fa4b749f2e679e12122
plangate_relaxed,peak_burst,peak-burst,1.5,3,24,12.995,4,16.667,60.0,60.0,6,25.0,14,14,2.462401,805.856,6012.015,0,0,,mock_sterile_single_machine,4bb3783693d0a435686fbfc885615d2349bd067239079fa4b749f2e679e12122
plangate_relaxed,peak_burst,peak-burst,2.0,1,24,14.585,7,29.167,36.364,36.364,4,16.667,13,13,5.896409,805.719,6010.336,0,0,,mock_sterile_single_machine,4bb3783693d0a435686fbfc885615d2349bd067239079fa4b749f2e679e12122
plangate_relaxed,peak_burst,peak-burst,2.0,2,24,18.022,1,4.167,66.667,66.667,2,8.333,21,21,0.388422,6002.11,6008.064,0,0,,mock_sterile_single_machine,4bb3783693d0a435686fbfc885615d2349bd067239079fa4b749f2e679e12122
plangate_relaxed,peak_burst,peak-burst,2.0,3,24,12.629,7,29.167,56.25,56.25,9,37.5,8,8,7.205431,157.769,6010.633,0,0,,mock_sterile_single_machine,4bb3783693d0a435686fbfc885615d2349bd067239079fa4b749f2e679e12122
