timestamp,status,latency_ms,budget,tool_name
1773929878.855933,success,158.84,100,web_fetch
1773929878.918619,success,8.45,100,calculate
1773929879.119565,success,188.86,100,web_fetch
1773929879.229525,success,882.28,100,mock_heavy
1773929879.276376,success,247.41,100,web_fetch
1773929879.352808,success,80.28,100,calculate
1773929879.430455,success,62.90,100,calculate
1773929879.599681,success,958.05,100,mock_heavy
1773929879.645867,success,1034.49,100,mock_heavy
1773929879.709012,success,1112.20,100,mock_heavy
1773929879.709710,success,601.48,100,web_fetch
1773929879.895955,success,1355.74,100,mock_heavy
1773929879.988151,success,848.82,100,calculate
1773929880.050080,success,832.80,100,calculate
1773929880.234155,success,1586.25,100,mock_heavy
1773929880.295413,success,1663.71,100,mock_heavy
1773929880.357361,success,1726.37,100,mock_heavy
1773929880.463454,success,1109.70,100,web_fetch
1773929880.479420,error,3.25,100,calculate
1773929880.482713,error,1.16,100,mock_heavy
1773929880.649175,error,1.31,100,calculate
1773929880.773840,success,1791.82,100,mock_heavy
1773929880.820144,error,1.64,100,web_fetch
1773929880.820144,error,1.64,100,calculate
1773929880.882877,success,906.63,100,calculate
1773929881.079978,success,1777.28,100,mock_heavy
1773929881.203409,success,1268.43,100,web_fetch
1773929881.234024,error,2.62,100,calculate
1773929881.358451,success,1113.94,100,calculate
1773929881.389693,error,2.57,100,calculate
1773929881.465611,error,3.12,100,mock_heavy
1773929881.618205,success,1039.74,100,calculate
1773929881.664341,success,1776.34,100,mock_heavy
1773929881.665413,error,1.88,100,web_fetch
1773929882.020229,success,866.66,100,web_fetch
1773929882.051861,success,1482.75,100,mock_heavy
1773929882.362759,success,878.70,100,web_fetch
1773929882.470007,success,970.68,100,web_fetch
1773929882.611030,success,1428.49,100,mock_heavy
1773929882.794902,success,784.02,100,web_fetch
1773929883.024974,success,724.59,100,web_fetch
1773929883.071408,success,1414.29,100,mock_heavy
1773929883.116235,success,935.52,100,web_fetch
1773929883.117238,error,2.52,100,mock_heavy
1773929883.118613,error,2.21,100,calculate
1773929883.317406,success,1414.50,100,mock_heavy
1773929883.532705,success,596.93,100,web_fetch
1773929883.533501,success,874.78,100,calculate
1773929883.562812,success,1801.42,100,mock_heavy
1773929883.564450,error,2.34,100,web_fetch
1773929883.810370,success,1522.62,100,mock_heavy
1773929884.036988,success,910.28,100,web_fetch
1773929884.221915,success,1402.61,100,mock_heavy
1773929884.360443,success,1514.90,100,mock_heavy
1773929884.454119,success,1730.73,100,mock_heavy
1773929884.592660,success,1220.10,100,web_fetch
1773929884.946131,success,1797.41,100,mock_heavy
1773929885.023087,success,1130.36,100,web_fetch
1773929885.068268,success,1085.18,100,web_fetch
1773929885.176031,success,1673.61,100,mock_heavy
1773929885.222769,error,4.83,100,calculate
1773929885.472948,success,882.75,100,web_fetch
1773929885.796432,success,854.88,100,web_fetch
1773929885.860058,success,1576.07,100,mock_heavy
1773929885.966705,success,882.94,100,calculate
1773929886.060355,success,929.94,100,calculate
1773929886.277952,success,772.44,100,calculate
1773929886.278545,success,850.08,100,calculate
1773929886.744089,success,415.36,100,calculate
1773929887.080689,success,294.98,100,web_fetch
1773929887.266721,success,214.12,100,web_fetch
1773929887.436132,success,156.97,100,web_fetch
1773929887.542124,success,5.72,100,calculate
1773929887.588989,success,156.73,100,web_fetch
1773929887.853481,success,157.06,100,web_fetch
1773929887.854482,success,158.17,100,web_fetch
1773929887.916338,success,157.15,100,web_fetch
1773929888.011099,success,155.87,100,web_fetch
1773929888.211018,success,218.58,100,web_fetch
1773929888.334968,success,895.16,100,mock_heavy
1773929888.366234,success,895.19,100,mock_heavy
1773929888.733407,success,326.29,100,web_fetch
1773929888.734449,success,509.37,100,web_fetch
1773929888.764209,success,465.32,100,calculate
1773929888.810852,success,1345.12,100,mock_heavy
1773929888.842172,success,1313.81,100,mock_heavy
1773929888.872944,success,1607.99,100,mock_heavy
1773929888.873933,success,1760.28,100,mock_heavy
1773929888.876019,error,2.34,100,web_fetch
1773929888.904645,error,5.38,100,calculate
1773929888.906348,error,3.68,100,web_fetch
1773929888.906643,error,7.17,100,web_fetch
1773929888.909030,error,6.63,100,mock_heavy
1773929888.911797,error,3.22,100,web_fetch
1773929888.913134,error,3.07,100,web_fetch
1773929888.914469,error,2.88,100,web_fetch
1773929888.915658,error,3.58,100,calculate
1773929888.916783,error,2.45,100,web_fetch
1773929888.917914,error,2.26,100,web_fetch
1773929888.920172,error,1.62,100,calculate
1773929888.965094,error,2.72,100,calculate
1773929888.967818,error,2.61,100,calculate
1773929888.968815,error,2.16,100,mock_heavy
1773929889.012096,success,1172.42,100,web_fetch
1773929889.012879,error,2.13,100,calculate
1773929889.044273,error,3.33,100,web_fetch
1773929889.045366,error,2.45,100,mock_heavy
1773929889.045934,error,2.54,100,mock_heavy
1773929889.090144,error,3.27,100,mock_heavy
1773929889.091196,error,2.21,100,calculate
1773929889.092408,error,2.04,100,web_fetch
1773929889.166668,success,1758.24,100,mock_heavy
1773929889.167735,error,1.95,100,mock_heavy
1773929889.170239,error,1.95,100,web_fetch
1773929889.171029,error,1.54,100,web_fetch
1773929889.197594,error,2.55,100,calculate
1773929889.198595,error,2.61,100,calculate
1773929889.200071,error,2.70,100,web_fetch
1773929889.201734,error,1.59,100,web_fetch
1773929889.245190,error,2.32,100,calculate
1773929889.246182,error,1.37,100,calculate
1773929889.261425,success,1802.08,100,mock_heavy
1773929889.262385,error,2.68,100,mock_heavy
1773929889.263382,error,2.51,100,mock_heavy
1773929889.263382,error,3.92,100,mock_heavy
1773929889.265722,error,2.17,100,mock_heavy
1773929889.266443,error,2.11,100,calculate
1773929889.305414,error,3.67,100,web_fetch
1773929889.306892,error,2.72,100,web_fetch
1773929889.307422,error,2.72,100,calculate
1773929889.308505,error,3.21,100,mock_heavy
1773929889.310139,error,2.10,100,mock_heavy
1773929889.311180,error,2.87,100,calculate
1773929889.312236,error,2.45,100,mock_heavy
1773929889.313500,error,2.25,100,web_fetch
1773929889.366811,error,2.84,100,calculate
1773929889.398289,success,1188.99,100,web_fetch
1773929889.399288,error,2.15,100,calculate
1773929889.428777,error,3.43,100,web_fetch
1773929889.474308,error,2.69,100,web_fetch
1773929889.567977,error,2.81,100,web_fetch
1773929889.598608,error,3.01,100,calculate
1773929889.629409,error,2.90,100,calculate
1773929889.630007,error,2.86,100,mock_heavy
1773929889.631009,error,1.86,100,calculate
1773929889.659881,error,3.43,100,web_fetch
1773929889.660882,error,3.49,100,mock_heavy
1773929889.662067,error,2.79,100,web_fetch
1773929889.663311,error,2.11,100,web_fetch
1773929889.664855,error,2.18,100,web_fetch
1773929889.706510,error,3.79,100,mock_heavy
1773929889.707511,error,3.89,100,mock_heavy
1773929889.709547,error,2.66,100,web_fetch
1773929889.710872,error,2.04,100,mock_heavy
1773929889.711660,error,1.79,100,web_fetch
1773929889.712909,error,1.71,100,mock_heavy
1773929889.737278,success,911.59,100,web_fetch
1773929889.768356,error,2.83,100,calculate
1773929889.799397,error,3.65,100,calculate
1773929889.801072,error,2.21,100,web_fetch
1773929889.801630,error,2.22,100,calculate
1773929889.830886,error,2.20,100,calculate
1773929889.861127,error,3.84,100,calculate
1773929889.862639,error,2.89,100,mock_heavy
1773929889.863252,error,2.27,100,calculate
1773929889.864393,error,1.70,100,mock_heavy
1773929889.892654,success,896.08,100,web_fetch
1773929889.923124,error,3.10,100,calculate
1773929889.924225,error,3.13,100,web_fetch
1773929889.924956,error,3.62,100,calculate
1773929889.926795,error,2.98,100,calculate
1773929889.927359,error,3.65,100,web_fetch
1773929889.929193,error,3.00,100,calculate
1773929889.930352,error,3.24,100,web_fetch
1773929889.931564,error,2.03,100,mock_heavy
1773929889.933259,error,1.64,100,web_fetch
1773929889.969626,error,1.70,100,calculate
1773929889.970313,error,2.01,100,mock_heavy
1773929890.030213,error,2.72,100,mock_heavy
1773929890.031214,error,2.30,100,calculate
1773929890.106993,success,682.37,100,calculate
1773929890.108522,error,2.83,100,calculate
1773929890.153917,success,878.54,100,web_fetch
1773929890.155391,error,2.74,100,mock_heavy
1773929890.155977,error,3.27,100,mock_heavy
1773929890.157022,error,3.29,100,calculate
1773929890.158704,error,2.77,100,web_fetch
1773929890.159251,error,3.82,100,calculate
1773929890.160887,error,2.86,100,calculate
1773929890.162511,error,2.28,100,web_fetch
1773929890.163667,error,2.27,100,calculate
1773929890.164788,error,2.38,100,web_fetch
1773929890.165937,error,1.28,100,mock_heavy
1773929890.231114,error,2.33,100,mock_heavy
1773929890.233999,error,2.76,100,mock_heavy
1773929890.234993,error,2.32,100,web_fetch
1773929890.262389,success,832.00,100,web_fetch
1773929890.263448,error,1.90,100,mock_heavy
1773929890.292660,error,1.69,100,mock_heavy
1773929890.322512,error,2.74,100,calculate
1773929890.324082,error,1.74,100,mock_heavy
1773929890.353772,success,1480.58,100,mock_heavy
1773929890.385258,error,2.68,100,web_fetch
1773929890.416526,success,893.28,100,web_fetch
1773929890.417082,error,2.22,100,mock_heavy
1773929890.447341,error,2.26,100,web_fetch
1773929890.478177,error,3.75,100,web_fetch
1773929890.479245,error,6.50,100,web_fetch
1773929890.480938,error,3.71,100,web_fetch
1773929890.483170,error,2.57,100,calculate
1773929890.483932,error,3.95,100,calculate
1773929890.485188,error,2.56,100,web_fetch
1773929890.540277,error,3.47,100,mock_heavy
1773929890.541703,error,2.05,100,calculate
1773929890.542835,error,1.60,100,calculate
1773929890.555813,error,2.72,100,mock_heavy
1773929890.556814,error,2.42,100,web_fetch
1773929890.586276,error,2.21,100,mock_heavy
1773929890.632621,success,1386.88,100,mock_heavy
1773929890.648868,error,2.08,100,mock_heavy
1773929890.650386,error,1.65,100,mock_heavy
1773929890.694181,success,736.88,100,web_fetch
1773929890.694939,error,2.51,100,mock_heavy
1773929890.696091,error,1.91,100,mock_heavy
1773929890.741335,error,1.71,100,web_fetch
1773929890.789365,error,2.10,100,mock_heavy
1773929890.790358,error,2.74,100,calculate
1773929890.791461,error,2.21,100,web_fetch
1773929890.792541,error,1.70,100,mock_heavy
1773929890.817686,error,3.39,100,web_fetch
1773929890.819327,error,2.30,100,mock_heavy
1773929890.819971,error,1.66,100,mock_heavy
1773929890.862755,success,1340.99,100,mock_heavy
1773929890.863758,error,2.24,100,calculate
1773929890.908987,error,3.29,100,calculate
1773929890.909714,error,3.56,100,calculate
1773929890.910712,error,3.33,100,web_fetch
1773929890.912099,error,2.49,100,calculate
1773929890.913278,error,2.48,100,web_fetch
1773929890.925448,error,2.96,100,web_fetch
1773929890.925448,success,770.23,100,calculate
1773929890.985074,error,3.38,100,calculate
1773929890.986691,error,1.76,100,calculate
1773929890.987304,error,1.71,100,mock_heavy
1773929891.017300,error,1.94,100,mock_heavy
1773929891.032453,success,817.00,100,web_fetch
1773929891.061433,error,2.07,100,mock_heavy
1773929891.092990,success,927.05,100,web_fetch
1773929891.094393,error,2.28,100,web_fetch
1773929891.199862,success,1558.88,100,mock_heavy
1773929891.200864,success,835.54,100,calculate
1773929891.202593,error,2.54,100,web_fetch
1773929891.203323,error,2.33,100,mock_heavy
1773929891.203868,error,1.92,100,calculate
1773929891.231282,error,1.65,100,mock_heavy
1773929891.261559,error,3.41,100,mock_heavy
1773929891.262566,error,2.44,100,web_fetch
1773929891.263582,error,1.97,100,web_fetch
1773929891.308583,error,1.79,100,calculate
1773929891.354813,error,2.62,100,mock_heavy
1773929891.356431,error,1.57,100,mock_heavy
1773929891.461155,success,1483.53,100,mock_heavy
1773929891.523520,success,680.23,100,calculate
1773929891.524073,error,3.30,100,web_fetch
1773929891.525068,error,2.30,100,mock_heavy
1773929891.526233,error,1.70,100,web_fetch
1773929891.553975,error,2.69,100,calculate
1773929891.584723,error,1.67,100,mock_heavy
1773929891.630591,success,929.30,100,web_fetch
1773929891.631581,error,3.01,100,calculate
1773929891.632715,error,1.94,100,web_fetch
1773929891.693304,error,3.04,100,calculate
1773929891.695126,error,2.36,100,web_fetch
1773929891.724721,error,2.71,100,web_fetch
1773929891.725725,error,2.27,100,web_fetch
1773929891.755579,error,3.44,100,web_fetch
1773929891.756581,error,2.46,100,mock_heavy
1773929891.757839,error,1.76,100,mock_heavy
1773929891.802603,success,1541.43,100,mock_heavy
1773929891.833133,error,2.30,100,mock_heavy
1773929891.849452,error,2.38,100,web_fetch
1773929891.878769,error,2.21,100,calculate
1773929891.925620,error,3.95,100,mock_heavy
1773929891.927266,error,2.31,100,web_fetch
1773929891.927812,error,3.36,100,web_fetch
1773929891.928941,error,3.43,100,calculate
1773929891.930622,error,2.87,100,calculate
1773929891.931793,error,2.55,100,mock_heavy
1773929891.932937,error,1.96,100,calculate
1773929891.955939,error,2.82,100,calculate
1773929891.956941,error,2.38,100,calculate
1773929891.987478,success,941.99,100,web_fetch
1773929892.020041,error,2.08,100,web_fetch
1773929892.064683,success,1232.97,100,web_fetch
1773929892.065387,error,2.78,100,mock_heavy
1773929892.066386,error,2.91,100,web_fetch
1773929892.067627,error,3.32,100,mock_heavy
1773929892.068734,error,2.60,100,web_fetch
1773929892.070299,error,2.72,100,mock_heavy
1773929892.071337,error,2.57,100,calculate
1773929892.072473,error,1.44,100,mock_heavy
1773929892.095367,success,1111.72,100,web_fetch
1773929892.171441,error,2.03,100,calculate
1773929892.171859,error,2.22,100,web_fetch
1773929892.233728,success,1742.75,100,mock_heavy
1773929892.234396,error,2.04,100,mock_heavy
1773929892.235394,error,2.14,100,web_fetch
1773929892.265013,error,1.69,100,calculate
1773929892.310974,error,2.00,100,calculate
1773929892.342669,error,3.21,100,web_fetch
1773929892.343671,error,2.66,100,mock_heavy
1773929892.344818,error,2.62,100,web_fetch
1773929892.404784,error,2.05,100,web_fetch
1773929892.451432,success,1647.07,100,mock_heavy
1773929892.452432,error,3.59,100,web_fetch
1773929892.453634,error,3.81,100,calculate
1773929892.454871,error,2.76,100,mock_heavy
1773929892.456021,error,2.23,100,calculate
1773929892.496984,error,2.68,100,calculate
1773929892.499696,error,2.21,100,mock_heavy
1773929892.500684,error,1.80,100,calculate
1773929892.544218,error,2.14,100,calculate
1773929892.590802,error,3.65,100,web_fetch
1773929892.591788,error,2.77,100,mock_heavy
1773929892.592833,error,2.91,100,web_fetch
1773929892.593622,error,3.33,100,web_fetch
1773929892.595106,error,2.97,100,calculate
1773929892.596309,error,2.32,100,mock_heavy
1773929892.597517,error,2.28,100,mock_heavy
1773929892.636797,error,3.05,100,mock_heavy
1773929892.637517,error,2.47,100,calculate
1773929892.638579,error,1.96,100,calculate
1773929892.666413,success,1569.48,100,mock_heavy
1773929892.667968,error,1.87,100,calculate
1773929892.668544,error,3.12,100,web_fetch
1773929892.696613,error,3.36,100,mock_heavy
1773929892.697554,error,2.96,100,web_fetch
1773929892.698612,error,1.90,100,calculate
1773929892.741420,error,2.67,100,calculate
1773929892.758747,error,2.53,100,web_fetch
1773929892.759708,error,1.72,100,mock_heavy
1773929892.804327,error,3.23,100,mock_heavy
1773929892.805330,error,3.33,100,calculate
1773929892.806328,error,2.85,100,mock_heavy
1773929892.808105,error,2.28,100,mock_heavy
1773929892.850402,success,1785.49,100,mock_heavy
1773929892.851126,error,2.10,100,calculate
1773929892.881521,error,2.33,100,calculate
1773929892.882511,error,1.89,100,mock_heavy
1773929892.911625,error,2.35,100,web_fetch
1773929892.930576,success,1969.20,100,mock_heavy
1773929892.990263,error,3.25,100,mock_heavy
1773929892.990897,error,3.41,100,mock_heavy
1773929892.991897,error,2.95,100,calculate
1773929892.994064,error,1.35,100,web_fetch
1773929893.021118,success,1061.73,100,calculate
1773929893.022674,error,2.21,100,calculate
1773929893.053457,error,3.25,100,web_fetch
1773929893.054511,error,2.74,100,web_fetch
1773929893.055055,error,3.42,100,calculate
1773929893.056163,error,3.44,100,mock_heavy
1773929893.057879,error,2.38,100,calculate
1773929893.059046,error,1.75,100,calculate
1773929893.061347,error,1.58,100,web_fetch
1773929893.098674,success,1862.69,100,mock_heavy
1773929893.174974,error,2.45,100,web_fetch
1773929893.207086,error,1.98,100,web_fetch
1773929893.237127,error,3.31,100,calculate
1773929893.237786,error,3.60,100,web_fetch
1773929893.238783,error,3.66,100,calculate
1773929893.239874,error,3.01,100,calculate
1773929893.241385,error,2.05,100,calculate
1773929893.282015,error,1.68,100,web_fetch
1773929893.282694,error,2.08,100,mock_heavy
1773929893.327147,error,2.27,100,web_fetch
1773929893.344030,success,1897.09,100,mock_heavy
1773929893.389678,error,3.08,100,mock_heavy
1773929893.391617,error,1.79,100,calculate
1773929893.435755,error,3.96,100,mock_heavy
1773929893.437338,error,2.38,100,mock_heavy
1773929893.437893,error,3.47,100,mock_heavy
1773929893.439005,error,3.55,100,calculate
1773929893.440817,error,2.85,100,mock_heavy
1773929893.442007,error,2.22,100,mock_heavy
1773929893.443126,error,2.08,100,web_fetch
1773929893.467125,error,1.66,100,web_fetch
1773929893.467781,error,2.76,100,calculate
1773929893.513864,error,2.03,100,calculate
1773929893.574530,error,1.75,100,mock_heavy
1773929893.575281,error,2.25,100,web_fetch
1773929893.604860,success,1943.64,100,mock_heavy
1773929893.651687,error,2.87,100,calculate
1773929893.666431,error,2.80,100,web_fetch
1773929893.712614,error,6.32,100,web_fetch
1773929893.713614,error,5.32,100,web_fetch
1773929893.714719,error,4.21,100,calculate
1773929893.790007,success,1171.90,100,calculate
1773929893.791556,error,3.34,100,calculate
1773929893.792644,error,2.93,100,web_fetch
1773929893.793010,error,2.57,100,web_fetch
1773929893.794345,error,1.78,100,calculate
1773929893.867952,error,2.79,100,mock_heavy
1773929893.914211,error,2.75,100,calculate
1773929893.944704,error,2.33,100,web_fetch
1773929893.945256,error,2.88,100,calculate
1773929893.946378,error,2.98,100,calculate
1773929893.947585,error,3.13,100,web_fetch
1773929893.949229,error,2.03,100,calculate
1773929893.950481,error,2.45,100,web_fetch
1773929893.951930,error,1.56,100,calculate
1773929893.975487,error,2.08,100,web_fetch
1773929893.976479,error,2.20,100,mock_heavy
1773929894.005995,success,1001.41,100,calculate
1773929894.006999,error,3.19,100,mock_heavy
1773929894.008359,error,3.03,100,web_fetch
1773929894.008996,error,3.14,100,mock_heavy
1773929894.010188,error,2.50,100,mock_heavy
1773929894.011911,error,2.04,100,mock_heavy
1773929894.013949,error,2.01,100,mock_heavy
1773929894.014503,error,2.01,100,calculate
1773929894.051615,success,1389.57,100,web_fetch
1773929894.052620,error,2.94,100,web_fetch
1773929894.053821,error,2.42,100,web_fetch
1773929894.055012,error,1.78,100,mock_heavy
1773929894.082849,error,3.08,100,mock_heavy
1773929894.083930,error,3.25,100,web_fetch
1773929894.084713,error,3.02,100,mock_heavy
1773929894.085927,error,2.86,100,mock_heavy
1773929894.087180,error,2.23,100,mock_heavy
1773929894.098520,error,2.09,100,calculate
1773929894.128389,error,2.70,100,web_fetch
1773929894.189834,error,2.45,100,web_fetch
1773929894.220490,error,2.74,100,web_fetch
1773929894.221491,error,2.29,100,web_fetch
1773929894.235894,error,4.69,100,mock_heavy
1773929894.282221,success,1190.46,100,web_fetch
1773929894.283222,error,2.36,100,calculate
1773929894.284297,error,1.84,100,calculate
1773929894.313705,error,3.89,100,mock_heavy
1773929894.314708,error,3.44,100,mock_heavy
1773929894.315710,error,2.99,100,mock_heavy
1773929894.317051,error,1.65,100,mock_heavy
1773929894.359958,error,3.04,100,mock_heavy
1773929894.421310,error,1.71,100,mock_heavy
1773929894.422017,error,2.07,100,calculate
1773929894.482289,error,2.80,100,mock_heavy
1773929894.528783,success,1529.81,100,mock_heavy
1773929894.529342,error,2.87,100,web_fetch
1773929894.559047,error,4.19,100,calculate
1773929894.559704,error,3.54,100,calculate
1773929894.560701,error,2.54,100,calculate
1773929894.562307,error,2.48,100,web_fetch
1773929894.589446,error,2.66,100,calculate
1773929894.619864,error,2.60,100,calculate
1773929894.634889,error,2.56,100,mock_heavy
1773929894.665996,error,3.22,100,web_fetch
1773929894.666658,error,3.12,100,web_fetch
1773929894.667717,error,2.06,100,mock_heavy
1773929894.696808,error,3.30,100,calculate
1773929894.698463,error,2.25,100,calculate
1773929894.699036,error,2.24,100,mock_heavy
1773929894.701833,error,1.49,100,calculate
1773929894.729100,error,2.44,100,mock_heavy
1773929894.789809,error,2.92,100,mock_heavy
1773929894.851983,success,742.13,100,web_fetch
1773929894.852685,error,2.14,100,calculate
1773929894.882686,error,1.65,100,web_fetch
1773929894.883342,error,2.19,100,calculate
1773929894.900780,success,1423.50,100,mock_heavy
1773929894.901963,error,1.82,100,calculate
1773929894.944832,error,2.75,100,calculate
1773929894.991989,error,2.07,100,mock_heavy
1773929895.053416,error,3.00,100,mock_heavy
1773929895.084199,success,973.24,100,web_fetch
1773929895.115715,error,2.82,100,mock_heavy
1773929895.116827,error,2.37,100,calculate
1773929895.117373,error,1.86,100,mock_heavy
1773929895.146801,error,2.76,100,web_fetch
1773929895.207489,success,1702.36,100,mock_heavy
1773929895.209110,error,1.53,100,web_fetch
1773929895.239082,success,1701.56,100,mock_heavy
1773929895.239658,error,2.74,100,mock_heavy
1773929895.241742,error,1.72,100,mock_heavy
1773929895.285426,success,1255.64,100,web_fetch
1773929895.287074,error,2.03,100,calculate
1773929895.287480,error,2.17,100,web_fetch
1773929895.316455,error,3.36,100,mock_heavy
1773929895.318029,error,1.78,100,web_fetch
1773929895.318631,error,2.13,100,web_fetch
1773929895.364007,error,3.12,100,calculate
1773929895.364724,error,2.40,100,calculate
1773929895.365781,error,1.89,100,mock_heavy
1773929895.409612,error,2.87,100,web_fetch
1773929895.411271,error,1.75,100,calculate
1773929895.471078,success,1944.99,100,mock_heavy
1773929895.501541,error,1.72,100,calculate
1773929895.502266,error,2.18,100,web_fetch
1773929895.531849,error,2.75,100,calculate
1773929895.532296,error,3.54,100,web_fetch
1773929895.534016,error,3.23,100,calculate
1773929895.535163,error,3.17,100,mock_heavy
1773929895.536387,error,3.13,100,mock_heavy
1773929895.537281,error,2.80,100,calculate
1773929895.538952,error,2.22,100,web_fetch
1773929895.549063,error,2.35,100,web_fetch
1773929895.550050,error,1.91,100,calculate
1773929895.550792,error,1.69,100,mock_heavy
1773929895.641064,error,1.98,100,web_fetch
1773929895.671074,success,1192.66,100,calculate
1773929895.702743,error,2.56,100,web_fetch
1773929895.734271,error,2.78,100,web_fetch
1773929895.765646,error,2.00,100,calculate
1773929895.797021,error,2.00,100,mock_heavy
1773929895.891070,error,3.49,100,mock_heavy
1773929895.892081,error,2.48,100,web_fetch
1773929895.892898,error,2.23,100,calculate
1773929895.922313,error,1.93,100,mock_heavy
1773929895.923167,error,1.40,100,calculate
1773929895.984069,error,2.75,100,mock_heavy
1773929896.031310,success,955.20,100,web_fetch
1773929896.058015,success,1204.07,100,web_fetch
1773929896.059179,error,3.05,100,calculate
1773929896.059736,error,3.07,100,mock_heavy
1773929896.091781,error,2.08,100,web_fetch
1773929896.137810,error,2.75,100,calculate
1773929896.139479,error,2.18,100,web_fetch
1773929896.185336,success,1724.37,100,mock_heavy
1773929896.186541,error,2.36,100,mock_heavy
1773929896.188243,error,1.21,100,mock_heavy
1773929896.277833,error,2.38,100,mock_heavy
1773929896.324285,error,2.98,100,web_fetch
1773929896.325288,error,3.16,100,mock_heavy
1773929896.326637,error,3.02,100,web_fetch
1773929896.327843,error,3.28,100,calculate
1773929896.329015,error,3.29,100,mock_heavy
1773929896.330869,error,2.89,100,web_fetch
1773929896.331681,error,2.97,100,web_fetch
1773929896.333375,error,1.98,100,calculate
1773929896.401029,success,1615.54,100,mock_heavy
1773929896.432799,error,2.40,100,mock_heavy
1773929896.494206,error,2.81,100,calculate
1773929896.494766,error,3.54,100,mock_heavy
1773929896.495764,error,3.77,100,calculate
1773929896.497591,error,3.09,100,web_fetch
1773929896.498864,error,3.10,100,web_fetch
1773929896.499531,error,3.74,100,mock_heavy
1773929896.501240,error,3.07,100,web_fetch
1773929896.502509,error,2.86,100,mock_heavy
1773929896.503271,error,3.21,100,web_fetch
1773929896.504775,error,2.82,100,web_fetch
1773929896.505934,error,2.21,100,calculate
1773929896.507030,error,2.37,100,web_fetch
1773929896.540015,success,1199.29,100,web_fetch
1773929896.570734,error,4.06,100,mock_heavy
1773929896.572482,error,2.86,100,web_fetch
1773929896.573583,error,2.30,100,mock_heavy
1773929896.616957,error,1.54,100,calculate
1773929896.662104,error,2.79,100,web_fetch
1773929896.663116,error,1.78,100,calculate
1773929896.663759,error,1.67,100,mock_heavy
1773929896.692059,success,1958.70,100,mock_heavy
1773929896.722976,error,2.11,100,mock_heavy
1773929896.800563,error,2.78,100,calculate
1773929896.863736,error,3.89,100,web_fetch
1773929896.864741,error,2.89,100,mock_heavy
1773929896.865937,error,2.79,100,calculate
1773929896.867037,error,2.93,100,calculate
1773929896.868632,error,2.95,100,web_fetch
1773929896.869791,error,2.49,100,calculate
1773929896.871030,error,1.80,100,mock_heavy
1773929896.909849,success,1014.80,100,calculate
1773929896.910396,error,2.52,100,web_fetch
1773929896.911780,error,1.69,100,mock_heavy
1773929896.939349,error,2.43,100,calculate
1773929897.015820,error,1.97,100,mock_heavy
1773929897.015820,error,1.97,100,mock_heavy
1773929897.015820,success,953.57,100,calculate
1773929897.046579,error,1.83,100,web_fetch
1773929897.077334,error,1.45,100,web_fetch
1773929897.116425,success,1056.76,100,web_fetch
1773929897.154164,error,1.00,100,mock_heavy
1773929897.184660,error,2.83,100,calculate
1773929897.185684,error,1.20,100,calculate
1773929897.185750,error,1.74,100,calculate
1773929897.186322,error,1.72,100,web_fetch
1773929897.186881,error,1.18,100,mock_heavy
1773929897.187491,error,1.39,100,web_fetch
1773929897.338759,error,3.54,100,mock_heavy
1773929897.339893,error,2.87,100,mock_heavy
1773929897.340445,error,3.35,100,mock_heavy
1773929897.341188,error,3.56,100,mock_heavy
1773929897.342764,error,3.22,100,calculate
1773929897.344201,error,3.04,100,web_fetch
1773929897.345442,error,2.98,100,mock_heavy
1773929897.346696,error,2.45,100,calculate
1773929897.347849,error,1.84,100,web_fetch
1773929897.384547,success,788.64,100,calculate
1773929897.386160,error,1.73,100,web_fetch
1773929897.461927,success,1590.62,100,mock_heavy
1773929897.462929,error,3.69,100,calculate
1773929897.464355,error,2.81,100,calculate
1773929897.464903,error,3.56,100,calculate
1773929897.466053,error,3.61,100,web_fetch
1773929897.467872,error,2.97,100,calculate
1773929897.469093,error,3.01,100,web_fetch
1773929897.470286,error,2.94,100,calculate
1773929897.471550,error,3.98,100,calculate
1773929897.472671,error,2.86,100,mock_heavy
1773929897.473809,error,2.46,100,calculate
1773929897.474363,error,2.08,100,web_fetch
1773929897.507962,error,3.34,100,web_fetch
1773929897.509633,error,2.32,100,mock_heavy
1773929897.510230,error,1.72,100,calculate
1773929897.553744,error,2.66,100,web_fetch
1773929897.600900,error,1.63,100,web_fetch
1773929897.600900,success,1497.62,100,mock_heavy
1773929897.600900,success,1525.20,100,mock_heavy
1773929897.645675,error,1.86,100,calculate
1773929897.646545,error,1.54,100,calculate
1773929897.646701,error,1.39,100,calculate
1773929897.692953,error,3.46,100,calculate
1773929897.693996,error,2.94,100,calculate
1773929897.694635,error,2.90,100,web_fetch
1773929897.695837,error,3.28,100,calculate
1773929897.697455,error,2.88,100,web_fetch
1773929897.698756,error,2.69,100,mock_heavy
1773929897.699116,error,2.89,100,calculate
1773929897.700896,rejected,1.68,100,web_fetch
1773929897.785208,error,1.72,100,mock_heavy
1773929897.785927,error,2.20,100,calculate
1773929897.831544,error,2.51,100,calculate
1773929897.832546,error,2.74,100,mock_heavy
1773929897.862582,error,2.36,100,mock_heavy
1773929897.909702,error,2.14,100,mock_heavy
1773929897.925187,error,2.63,100,web_fetch
1773929897.925187,error,3.72,100,mock_heavy
1773929897.926542,error,2.83,100,web_fetch
1773929897.928357,error,2.60,100,web_fetch
1773929897.929370,error,2.89,100,calculate
1773929897.930409,rejected,2.62,100,calculate
1773929897.931711,rejected,1.84,100,web_fetch
1773929897.969939,error,3.05,100,mock_heavy
1773929897.969939,success,742.39,100,web_fetch
1773929897.971343,rejected,1.65,100,calculate
1773929898.000169,error,2.64,100,calculate
1773929898.001341,error,1.80,100,web_fetch
1773929898.046697,success,1434.87,100,mock_heavy
1773929898.047698,error,3.20,100,calculate
1773929898.048696,rejected,2.20,100,web_fetch
1773929898.049946,rejected,2.50,100,web_fetch
1773929898.050899,rejected,1.60,100,mock_heavy
1773929898.109983,error,2.70,100,web_fetch
1773929898.111030,error,2.31,100,calculate
1773929898.111578,error,2.32,100,calculate
1773929898.156036,success,867.20,100,web_fetch
1773929898.173184,error,2.29,100,mock_heavy
1773929898.201994,success,1685.88,100,mock_heavy
1773929898.247939,error,3.21,100,mock_heavy
1773929898.248493,error,4.06,100,web_fetch
1773929898.249845,error,3.81,100,mock_heavy
1773929898.251674,error,2.89,100,calculate
1773929898.253105,error,2.58,100,mock_heavy
1773929898.254019,rejected,2.48,100,mock_heavy
1773929898.255145,rejected,1.87,100,mock_heavy
1773929898.308809,success,1086.30,100,web_fetch
1773929898.355016,error,2.95,100,web_fetch
1773929898.356670,error,1.85,100,calculate
1773929898.402209,error,2.89,100,calculate
1773929898.405165,error,1.50,100,web_fetch
1773929898.539565,success,1873.31,100,mock_heavy
1773929898.541059,error,1.91,100,mock_heavy
1773929898.541609,error,1.90,100,calculate
1773929898.570574,error,3.15,100,web_fetch
1773929898.571519,error,2.75,100,mock_heavy
1773929898.633846,success,1933.53,100,mock_heavy
1773929898.695629,error,2.72,100,web_fetch
1773929898.696273,error,3.30,100,calculate
1773929898.697795,error,3.09,100,calculate
1773929898.698901,error,2.53,100,web_fetch
1773929898.699574,error,2.56,100,calculate
1773929898.774365,error,2.76,100,calculate
1773929898.820107,success,1794.69,100,mock_heavy
1773929898.820675,error,2.57,100,web_fetch
1773929898.897758,error,2.81,100,web_fetch
1773929898.898755,error,2.58,100,mock_heavy
1773929898.899841,error,2.05,100,web_fetch
1773929898.928914,success,1919.11,100,mock_heavy
1773929899.004646,error,3.22,100,web_fetch
1773929899.006318,error,2.15,100,web_fetch
1773929899.023235,error,1.99,100,web_fetch
1773929899.053123,error,1.83,100,calculate
1773929899.054112,error,1.91,100,mock_heavy
1773929899.082098,error,3.05,100,calculate
1773929899.098516,error,3.42,100,calculate
1773929899.099488,error,2.45,100,calculate
1773929899.100545,error,1.95,100,calculate
1773929899.158885,success,2258.31,100,mock_heavy
1773929899.160501,error,2.85,100,web_fetch
1773929899.161095,error,2.26,100,mock_heavy
1773929899.161737,error,3.23,100,mock_heavy
1773929899.163281,error,2.29,100,calculate
1773929899.164401,error,2.29,100,web_fetch
1773929899.190128,error,4.23,100,calculate
1773929899.191130,error,3.82,100,calculate
1773929899.192129,error,3.56,100,calculate
1773929899.193285,error,2.95,100,calculate
1773929899.194954,error,2.32,100,mock_heavy
1773929899.220929,error,2.81,100,calculate
1773929899.222507,error,1.37,100,calculate
1773929899.268043,error,2.55,100,web_fetch
1773929899.346240,success,2209.76,100,mock_heavy
1773929899.347913,error,2.83,100,web_fetch
1773929899.348585,error,3.24,100,mock_heavy
1773929899.349460,error,2.56,100,mock_heavy
1773929899.350644,error,1.92,100,mock_heavy
1773929899.392787,error,2.91,100,web_fetch
1773929899.394486,error,2.31,100,web_fetch
1773929899.455531,success,1406.93,100,calculate
1773929899.456274,error,2.75,100,calculate
1773929899.457273,error,2.32,100,calculate
1773929899.501370,success,1438.46,100,calculate
1773929899.547671,error,3.07,100,web_fetch
1773929899.578184,error,2.51,100,calculate
1773929899.623698,error,2.98,100,calculate
1773929899.624704,error,3.68,100,web_fetch
1773929899.626109,error,2.87,100,mock_heavy
1773929899.627296,error,2.38,100,mock_heavy
1773929899.628435,error,1.82,100,mock_heavy
1773929899.700958,error,2.07,100,calculate
1773929899.747496,error,1.76,100,web_fetch
1773929899.778721,error,3.00,100,mock_heavy
1773929899.779391,error,2.86,100,web_fetch
1773929899.780388,error,1.87,100,web_fetch
1773929899.824376,error,2.84,100,calculate
1773929899.825109,error,2.10,100,web_fetch
1773929899.826166,error,1.61,100,web_fetch
1773929899.855236,success,1579.03,100,web_fetch
1773929899.886050,error,3.76,100,mock_heavy
1773929899.887261,error,3.96,100,mock_heavy
1773929899.888600,error,2.62,100,mock_heavy
1773929899.890296,error,2.43,100,calculate
1773929899.932978,error,1.92,100,calculate
1773929899.979472,error,3.31,100,calculate
1773929899.981422,error,1.51,100,calculate
1773929900.010026,error,3.42,100,web_fetch
1773929900.011719,error,2.85,100,calculate
1773929900.012269,error,3.38,100,mock_heavy
1773929900.014015,error,3.08,100,mock_heavy
1773929900.015312,error,2.50,100,calculate
1773929900.016506,error,1.94,100,mock_heavy
1773929900.055625,error,3.02,100,web_fetch
1773929900.056900,error,2.46,100,web_fetch
1773929900.057486,error,2.19,100,web_fetch
1773929900.086895,error,3.18,100,calculate
1773929900.088664,error,1.41,100,calculate
1773929900.119231,error,3.10,100,mock_heavy
1773929900.119834,error,3.20,100,calculate
1773929900.120836,rejected,2.20,100,calculate
1773929900.122479,rejected,1.83,100,web_fetch
1773929900.124309,rejected,2.13,100,calculate
1773929900.125307,rejected,1.34,100,web_fetch
1773929900.179897,error,3.86,100,web_fetch
1773929900.181540,error,2.22,100,calculate
1773929900.182109,error,2.80,100,web_fetch
1773929900.183181,rejected,2.73,100,web_fetch
1773929900.184914,rejected,2.41,100,mock_heavy
1773929900.185910,rejected,2.73,100,mock_heavy
1773929900.187322,rejected,2.39,100,web_fetch
1773929900.188717,rejected,1.00,100,mock_heavy
1773929900.241187,error,3.33,100,calculate
1773929900.241839,error,3.74,100,calculate
1773929900.242833,error,2.93,100,calculate
1773929900.244358,rejected,2.40,100,mock_heavy
1773929900.245760,rejected,2.67,100,mock_heavy
1773929900.246758,rejected,2.75,100,web_fetch
1773929900.248432,rejected,2.16,100,mock_heavy
1773929900.249504,rejected,1.66,100,calculate
1773929900.303678,success,1989.24,100,mock_heavy
1773929900.305346,error,2.15,100,calculate
1773929900.306016,error,2.65,100,mock_heavy
1773929900.307197,rejected,2.48,100,web_fetch
1773929900.308081,rejected,2.59,100,mock_heavy
1773929900.309677,rejected,1.58,100,mock_heavy
1773929900.311261,rejected,1.01,100,mock_heavy
1773929900.335286,error,1.95,100,mock_heavy
1773929900.366156,error,3.02,100,calculate
1773929900.367745,error,1.43,100,calculate
1773929900.397093,error,2.17,100,mock_heavy
1773929900.412876,error,2.54,100,mock_heavy
1773929900.413870,error,2.12,100,mock_heavy
1773929900.459231,error,3.03,100,mock_heavy
1773929900.460258,error,2.99,100,calculate
1773929900.461101,rejected,2.14,100,web_fetch
1773929900.462257,rejected,0.99,100,web_fetch
1773929900.534553,error,2.88,100,mock_heavy
1773929900.565955,success,1081.27,100,web_fetch
1773929900.612758,success,1188.63,100,web_fetch
1773929900.613761,error,3.05,100,calculate
1773929900.615686,error,1.55,100,web_fetch
1773929900.644603,error,3.17,100,calculate
1773929900.645684,error,2.64,100,web_fetch
1773929900.646257,error,3.36,100,calculate
1773929900.647769,error,2.96,100,web_fetch
1773929900.648897,rejected,2.83,100,mock_heavy
1773929900.650691,rejected,1.04,100,web_fetch
1773929900.707290,error,1.71,100,mock_heavy
1773929900.707997,error,2.13,100,mock_heavy
1773929900.753779,error,3.15,100,mock_heavy
1773929900.754778,error,2.72,100,mock_heavy
1773929900.756323,error,1.74,100,web_fetch
1773929900.785173,error,1.79,100,web_fetch
1773929900.846931,error,3.06,100,calculate
1773929900.848611,error,2.99,100,calculate
1773929900.849428,error,2.67,100,calculate
1773929900.851032,error,2.13,100,mock_heavy
1773929900.852103,rejected,2.03,100,calculate
1773929900.853161,error,1.98,100,web_fetch
1773929900.862458,rejected,1.68,100,web_fetch
1773929900.907399,success,1601.21,100,mock_heavy
1773929900.909027,error,1.79,100,mock_heavy
1773929900.909395,rejected,2.42,100,web_fetch
1773929900.910789,rejected,1.03,100,web_fetch
1773929900.939833,error,1.96,100,mock_heavy
1773929900.940789,error,2.01,100,web_fetch
1773929901.016114,error,2.00,100,calculate
1773929901.046061,success,801.19,100,calculate
1773929901.047688,error,1.68,100,calculate
1773929901.091911,error,3.22,100,mock_heavy
1773929901.093440,error,2.87,100,mock_heavy
1773929901.094335,error,3.05,100,web_fetch
1773929901.095745,error,2.85,100,mock_heavy
1773929901.096830,error,2.90,100,web_fetch
1773929901.097978,rejected,1.76,100,calculate
1773929901.099168,rejected,2.64,100,mock_heavy
1773929901.100774,rejected,1.75,100,web_fetch
1773929901.101979,rejected,2.15,100,calculate
1773929901.103093,rejected,2.16,100,web_fetch
1773929901.104128,rejected,1.35,100,web_fetch
1773929901.105477,rejected,2.00,100,mock_heavy
1773929901.106475,rejected,1.94,100,calculate
1773929901.107481,rejected,1.99,100,calculate
1773929901.108410,rejected,2.11,100,mock_heavy
1773929901.109471,rejected,1.05,100,web_fetch
1773929901.153625,success,786.48,100,calculate
1773929901.154176,error,2.58,100,mock_heavy
1773929901.155634,error,1.44,100,calculate
1773929901.185103,error,2.56,100,mock_heavy
1773929901.185734,rejected,1.93,100,mock_heavy
1773929901.215202,error,2.86,100,mock_heavy
1773929901.216245,error,2.40,100,calculate
1773929901.217516,rejected,1.68,100,calculate
1773929901.246126,error,3.90,100,calculate
1773929901.247804,rejected,2.22,100,web_fetch
1773929901.248477,rejected,2.66,100,mock_heavy
1773929901.292419,success,1509.57,100,mock_heavy
1773929901.293425,error,1.72,100,web_fetch
1773929901.293951,error,2.57,100,calculate
1773929901.295148,rejected,2.37,100,web_fetch
1773929901.296518,rejected,1.00,100,web_fetch
1773929901.323159,error,2.26,100,calculate
1773929901.324167,rejected,1.81,100,calculate
1773929901.325981,rejected,0.98,100,calculate
1773929901.354540,error,2.80,100,mock_heavy
1773929901.355576,error,2.90,100,mock_heavy
1773929901.356299,rejected,2.59,100,web_fetch
1773929901.357339,rejected,2.11,100,mock_heavy
1773929901.358894,rejected,1.59,100,web_fetch
1773929901.360487,rejected,2.01,100,calculate
1773929901.361526,rejected,2.16,100,mock_heavy
1773929901.362551,rejected,1.60,100,web_fetch
1773929901.363932,rejected,1.28,100,calculate
1773929901.400538,error,2.23,100,calculate
1773929901.401537,error,2.45,100,web_fetch
1773929901.417742,error,2.07,100,web_fetch
1773929901.431878,rejected,2.41,100,calculate
1773929901.433161,rejected,2.13,100,mock_heavy
1773929901.434290,success,1447.05,100,mock_heavy
1773929901.435286,rejected,1.27,100,calculate
1773929901.478306,error,2.69,100,calculate
1773929901.479437,error,2.62,100,mock_heavy
1773929901.480766,rejected,2.27,100,calculate
1773929901.482056,rejected,1.98,100,calculate
1773929901.483036,rejected,1.00,100,web_fetch
1773929901.539417,error,2.67,100,web_fetch
1773929901.540420,error,2.79,100,calculate
1773929901.556003,success,891.53,100,calculate
1773929901.556542,error,2.50,100,web_fetch
1773929901.585570,error,3.18,100,web_fetch
1773929901.586573,rejected,3.04,100,web_fetch
1773929901.588195,rejected,2.48,100,web_fetch
1773929901.589683,rejected,2.00,100,calculate
1773929901.590677,rejected,1.56,100,web_fetch
1773929901.592236,rejected,1.75,100,web_fetch
1773929901.631929,success,984.77,100,calculate
1773929901.633174,error,2.68,100,mock_heavy
1773929901.633722,error,2.65,100,calculate
1773929901.634805,rejected,1.60,100,mock_heavy
1773929901.677243,error,2.68,100,web_fetch
1773929901.678772,error,2.25,100,web_fetch
1773929901.679375,rejected,2.86,100,web_fetch
1773929901.681026,rejected,2.24,100,calculate
1773929901.682269,rejected,2.27,100,web_fetch
1773929901.683265,rejected,1.52,100,web_fetch
1773929901.738077,error,2.95,100,calculate
1773929901.785167,error,3.29,100,web_fetch
1773929901.786172,error,2.99,100,web_fetch
1773929901.787019,error,2.68,100,web_fetch
1773929901.787831,error,2.47,100,web_fetch
1773929901.845712,success,1079.68,100,web_fetch
1773929901.846570,error,2.32,100,calculate
1773929901.876765,error,2.48,100,calculate
1773929901.923197,success,909.14,100,calculate
1773929901.940108,error,3.08,100,calculate
1773929901.941091,error,3.22,100,calculate
1773929901.942093,error,3.39,100,web_fetch
1773929901.943184,error,2.70,100,web_fetch
1773929901.944919,rejected,1.51,100,mock_heavy
1773929902.001016,error,3.17,100,mock_heavy
1773929902.001580,error,3.29,100,calculate
1773929902.002582,error,3.47,100,web_fetch
1773929902.004753,rejected,1.33,100,web_fetch
1773929902.031970,success,1032.34,100,web_fetch
1773929902.032687,rejected,2.07,100,mock_heavy
1773929902.033693,error,2.65,100,calculate
1773929902.092875,error,3.31,100,mock_heavy
1773929902.124314,error,1.83,100,calculate
1773929902.125374,error,1.36,100,calculate
1773929902.169993,success,893.75,100,web_fetch
1773929902.170687,error,2.14,100,calculate
1773929902.171682,error,1.80,100,web_fetch
1773929902.199512,error,2.73,100,calculate
1773929902.231447,error,3.66,100,web_fetch
1773929902.232005,error,3.94,100,web_fetch
1773929902.233455,error,3.60,100,calculate
1773929902.234725,rejected,2.79,100,calculate
1773929902.236506,rejected,2.06,100,web_fetch
1773929902.237510,rejected,2.41,100,web_fetch
1773929902.239079,rejected,2.06,100,calculate
1773929902.240079,rejected,1.11,100,web_fetch
1773929902.262204,error,2.88,100,calculate
1773929902.263212,rejected,2.93,100,mock_heavy
1773929902.264068,rejected,2.07,100,mock_heavy
1773929902.265085,rejected,2.05,100,calculate
1773929902.322805,error,2.00,100,mock_heavy
1773929902.353153,error,3.04,100,mock_heavy
1773929902.353921,error,3.40,100,calculate
1773929902.354899,error,2.91,100,calculate
1773929902.356755,error,2.18,100,web_fetch
1773929902.399517,success,664.19,100,web_fetch
1773929902.446156,error,2.52,100,web_fetch
1773929902.493108,error,1.83,100,web_fetch
1773929902.508609,error,2.43,100,mock_heavy
1773929902.509594,error,2.54,100,web_fetch
1773929902.538670,error,1.99,100,web_fetch
1773929902.569129,error,2.85,100,web_fetch
1773929902.600367,error,2.12,100,calculate
1773929902.601365,error,2.27,100,mock_heavy
1773929902.646925,error,1.60,100,web_fetch
1773929902.647514,error,2.43,100,calculate
1773929902.676956,success,209.10,100,calculate
1773929902.708209,error,3.60,100,mock_heavy
1773929902.710021,error,2.31,100,web_fetch
1773929902.710230,error,2.47,100,calculate
1773929902.738879,success,324.87,100,web_fetch
1773929902.739728,error,2.51,100,mock_heavy
1773929902.785818,error,1.69,100,calculate
1773929902.832333,success,896.75,100,mock_heavy
1773929902.876919,success,447.70,100,web_fetch
1773929902.877920,error,2.47,100,calculate
1773929902.922968,success,944.87,100,mock_heavy
1773929902.924834,success,369.08,100,web_fetch
1773929902.953789,success,432.18,100,calculate
1773929902.955471,success,773.07,100,web_fetch
1773929902.957066,success,631.85,100,calculate
1773929902.983806,success,1516.96,100,mock_heavy
1773929902.984806,error,2.08,100,calculate
1773929903.014401,error,2.96,100,web_fetch
1773929903.016120,error,1.66,100,web_fetch
1773929903.045693,error,2.51,100,calculate
1773929903.046976,error,1.80,100,mock_heavy
1773929903.064305,success,1035.70,100,web_fetch
1773929903.107435,error,2.85,100,mock_heavy
1773929903.183412,error,2.72,100,mock_heavy
1773929903.186133,error,1.98,100,web_fetch
1773929903.187103,error,2.11,100,calculate
1773929903.214415,success,684.59,100,calculate
1773929903.245599,error,2.00,100,web_fetch
1773929903.246601,error,2.20,100,calculate
1773929903.249344,error,1.84,100,web_fetch
1773929903.291430,error,3.68,100,web_fetch
1773929903.293295,error,2.38,100,calculate
1773929903.294482,error,1.74,100,web_fetch
1773929903.322538,success,1424.60,100,mock_heavy
1773929903.324263,error,2.72,100,web_fetch
1773929903.325287,error,2.41,100,calculate
1773929903.325856,error,2.97,100,mock_heavy
1773929903.327609,rejected,2.39,100,calculate
1773929903.328823,rejected,1.41,100,web_fetch
1773929903.330236,rejected,1.01,100,mock_heavy
1773929903.369840,success,1484.73,100,mock_heavy
1773929903.370393,error,3.50,100,calculate
1773929903.371726,rejected,2.17,100,web_fetch
1773929903.372291,rejected,2.55,100,web_fetch
1773929903.373308,error,3.47,100,web_fetch
1773929903.374844,rejected,2.49,100,mock_heavy
1773929903.375849,rejected,2.48,100,mock_heavy
1773929903.377334,rejected,2.38,100,web_fetch
1773929903.378324,rejected,1.48,100,web_fetch
1773929903.447626,error,2.25,100,web_fetch
1773929903.493835,success,667.77,100,calculate
1773929903.494837,error,2.21,100,web_fetch
1773929903.525605,error,2.99,100,web_fetch
1773929903.526793,error,3.44,100,calculate
1773929903.528008,error,2.94,100,calculate
1773929903.529138,error,3.49,100,calculate
1773929903.530756,rejected,2.42,100,calculate
1773929903.532082,rejected,2.21,100,calculate
1773929903.533194,error,2.31,100,mock_heavy
1773929903.534296,rejected,2.25,100,mock_heavy
1773929903.535371,rejected,1.31,100,calculate
1773929903.572939,error,1.91,100,mock_heavy
1773929903.588920,error,4.30,100,mock_heavy
1773929903.589912,rejected,3.87,100,web_fetch
1773929903.591229,rejected,2.56,100,calculate
1773929903.592382,rejected,2.39,100,mock_heavy
1773929903.593785,error,2.74,100,calculate
1773929903.695879,success,1623.47,100,mock_heavy
1773929903.897702,success,958.26,100,web_fetch
1773929903.928639,success,927.32,100,calculate
1773929904.053414,success,816.89,100,calculate
1773929904.300795,success,647.72,100,calculate
1773929904.362023,success,1482.70,100,mock_heavy
1773929904.392794,error,1.70,100,web_fetch
1773929904.499769,error,2.64,100,calculate
1773929904.667723,success,606.01,100,web_fetch
1773929904.900422,success,280.50,100,calculate
1773929904.901417,success,1125.38,100,mock_heavy
1773929904.931436,success,1250.62,100,mock_heavy
1773929904.948514,success,772.91,100,web_fetch
1773929904.949478,error,2.22,100,calculate
1773929905.133218,success,789.55,100,web_fetch
1773929905.210454,success,665.83,100,calculate
1773929905.241041,success,698.64,100,calculate
1773929905.272468,error,2.40,100,web_fetch
1773929905.319353,error,2.36,100,mock_heavy
1773929905.319925,error,2.37,100,calculate
1773929905.380860,success,787.96,100,web_fetch
1773929905.412172,success,862.95,100,calculate
1773929905.643356,success,1594.73,100,mock_heavy
1773929905.721428,error,2.26,100,web_fetch
1773929905.905970,success,1253.68,100,mock_heavy
1773929906.059017,success,435.41,100,web_fetch
1773929906.321695,success,201.78,100,calculate
1773929906.367416,success,1148.73,100,mock_heavy
1773929906.494977,success,1345.60,100,mock_heavy
1773929906.523563,success,851.71,100,web_fetch
1773929906.583698,success,1008.26,100,web_fetch
1773929906.660424,success,1934.60,100,mock_heavy
1773929906.707400,success,1148.53,100,web_fetch
1773929906.910436,success,1699.62,100,mock_heavy
1773929906.988472,success,1730.94,100,mock_heavy
1773929906.989579,error,1.78,100,mock_heavy
1773929906.990321,error,2.03,100,mock_heavy
1773929907.050247,error,2.94,100,mock_heavy
1773929907.236454,success,1097.95,100,web_fetch
1773929907.282272,error,2.85,100,web_fetch
1773929907.451188,success,1114.17,100,web_fetch
1773929907.483698,success,1187.66,100,web_fetch
1773929907.514260,error,2.69,100,web_fetch
1773929907.515026,error,2.57,100,mock_heavy
1773929907.592524,error,1.63,100,calculate
1773929907.808960,success,833.05,100,calculate
1773929907.994059,success,647.95,100,calculate
1773929908.177748,success,694.72,100,web_fetch
1773929908.208880,success,693.93,100,web_fetch
1773929908.425561,success,296.49,100,calculate
1773929908.516980,success,205.63,100,calculate
1773929908.518695,error,2.11,100,mock_heavy
1773929908.563321,success,961.57,100,mock_heavy
1773929908.716808,success,277.80,100,web_fetch
1773929908.717810,success,93.38,100,calculate
1773929908.778457,success,325.54,100,web_fetch
1773929908.779150,success,154.50,100,calculate
1773929908.856255,success,355.33,100,web_fetch
1773929908.857257,success,447.49,100,web_fetch
1773929908.858477,success,353.65,100,calculate
1773929908.995403,success,248.13,100,calculate
1773929909.133986,success,994.29,100,mock_heavy
1773929909.287733,success,435.77,100,web_fetch
1773929909.506454,success,847.01,100,mock_heavy
1773929909.599517,success,974.21,100,mock_heavy
1773929909.676674,success,683.48,100,web_fetch
1773929909.707840,success,665.85,100,calculate
1773929909.863189,success,679.87,100,web_fetch
1773929910.353469,success,820.54,100,mock_heavy
1773929910.449357,success,155.70,100,calculate
1773929910.605060,success,108.50,100,calculate
1773929910.665282,success,990.30,100,mock_heavy
1773929910.697484,success,1003.21,100,mock_heavy
1773929910.852994,success,429.45,100,web_fetch
1773929910.943246,success,1062.83,100,mock_heavy
1773929911.035902,success,293.05,100,calculate
1773929911.036637,success,509.35,100,calculate
1773929911.066674,success,648.88,100,calculate
1773929911.174551,success,511.25,100,calculate
1773929911.654197,success,291.17,100,web_fetch
1773929911.716103,success,355.28,100,web_fetch
1773929911.821642,success,357.41,100,web_fetch
1773929912.038747,success,855.74,100,mock_heavy
1773929912.040523,success,262.77,100,web_fetch
1773929912.071380,success,323.85,100,web_fetch
1773929912.254732,success,901.01,100,mock_heavy
1773929912.302043,success,124.32,100,calculate
1773929912.393559,success,1040.04,100,mock_heavy
1773929912.517429,success,1162.77,100,mock_heavy
1773929912.519224,success,1515.57,100,mock_heavy
1773929912.548789,success,807.75,100,web_fetch
1773929912.549872,success,990.03,100,calculate
1773929912.626913,success,1745.24,100,mock_heavy
1773929912.629211,error,1.73,100,calculate
1773929912.629754,error,1.85,100,mock_heavy
1773929912.800353,success,1649.35,100,mock_heavy
1773929912.801353,error,2.12,100,web_fetch
1773929912.862798,error,1.72,100,web_fetch
1773929913.047860,success,1233.69,100,web_fetch
1773929913.200393,success,1141.31,100,web_fetch
1773929913.646791,success,574.06,100,calculate
1773929913.678029,success,833.04,100,web_fetch
1773929913.679545,success,738.75,100,calculate
1773929913.771108,error,2.63,100,calculate
1773929913.772356,error,2.98,100,mock_heavy
1773929913.773098,error,2.99,100,mock_heavy
1773929913.774289,error,3.03,100,mock_heavy
1773929913.775883,error,2.70,100,mock_heavy
1773929913.776623,error,3.11,100,web_fetch
1773929913.777866,error,3.03,100,web_fetch
1773929913.779138,error,2.36,100,mock_heavy
1773929913.780295,error,2.45,100,web_fetch
1773929913.832281,success,802.94,100,web_fetch
1773929913.833810,error,1.95,100,mock_heavy
1773929913.878633,error,3.13,100,calculate
1773929913.879806,error,3.05,100,web_fetch
1773929913.880363,error,3.42,100,web_fetch
1773929913.881223,error,3.81,100,mock_heavy
1773929913.882893,error,3.32,100,calculate
1773929913.883786,error,3.62,100,web_fetch
1773929913.885062,error,2.92,100,web_fetch
1773929913.886806,error,1.77,100,calculate
1773929913.924994,error,2.72,100,mock_heavy
1773929913.925651,error,2.06,100,web_fetch
1773929913.926650,error,2.17,100,mock_heavy
1773929913.971878,error,3.63,100,calculate
1773929913.973465,error,3.06,100,calculate
1773929913.974314,error,2.21,100,web_fetch
1773929913.974957,error,2.81,100,web_fetch
1773929913.976528,error,2.34,100,mock_heavy
1773929914.003489,success,1309.78,100,mock_heavy
1773929914.033114,error,2.25,100,web_fetch
1773929914.063902,error,2.29,100,web_fetch
1773929914.110224,error,3.81,100,calculate
1773929914.111226,error,3.74,100,web_fetch
1773929914.112380,error,2.59,100,mock_heavy
1773929914.113765,error,3.03,100,web_fetch
1773929914.114966,error,2.39,100,calculate
1773929914.116217,error,2.26,100,mock_heavy
1773929914.140924,error,4.03,100,mock_heavy
1773929914.142574,error,2.79,100,mock_heavy
1773929914.143149,error,2.77,100,mock_heavy
1773929914.144340,error,2.14,100,calculate
1773929914.202314,success,340.74,100,calculate
1773929914.202988,error,2.85,100,calculate
1773929914.264441,success,1155.01,100,mock_heavy
1773929914.266031,error,2.72,100,web_fetch
1773929914.266576,error,2.76,100,calculate
1773929914.267632,error,3.30,100,mock_heavy
1773929914.268782,error,3.13,100,mock_heavy
1773929914.270371,error,2.70,100,calculate
1773929914.271547,error,2.67,100,mock_heavy
1773929914.272452,error,2.87,100,calculate
1773929914.273643,error,2.82,100,web_fetch
1773929914.274754,error,2.25,100,web_fetch
1773929914.275889,error,2.22,100,calculate
1773929914.276463,error,2.36,100,mock_heavy
1773929914.277551,error,2.36,100,web_fetch
1773929914.278104,error,2.74,100,mock_heavy
1773929914.279343,error,2.20,100,web_fetch
1773929914.280315,error,2.42,100,web_fetch
1773929914.281403,error,2.42,100,calculate
1773929914.282088,error,1.82,100,web_fetch
1773929914.282732,error,1.73,100,calculate
1773929914.325315,error,2.42,100,web_fetch
1773929914.325315,error,3.09,100,web_fetch
1773929914.326524,error,1.94,100,mock_heavy
1773929914.327078,error,2.43,100,mock_heavy
1773929914.327876,error,2.21,100,web_fetch
1773929914.329092,error,2.34,100,web_fetch
1773929914.329511,error,2.46,100,web_fetch
1773929914.330611,error,1.36,100,mock_heavy
1773929914.331249,error,2.06,100,web_fetch
1773929914.356146,success,524.87,100,web_fetch
1773929914.357788,error,2.31,100,web_fetch
1773929914.357864,error,3.37,100,web_fetch
1773929914.358948,error,3.58,100,mock_heavy
1773929914.360658,error,3.23,100,mock_heavy
1773929914.361950,error,3.14,100,calculate
1773929914.363067,error,3.22,100,calculate
1773929914.364008,error,3.44,100,mock_heavy
1773929914.365723,error,2.91,100,mock_heavy
1773929914.366825,error,3.01,100,web_fetch
1773929914.368005,error,2.39,100,calculate
1773929914.369180,error,2.07,100,calculate
1773929914.401882,error,3.18,100,mock_heavy
1773929914.402883,error,3.35,100,calculate
1773929914.404481,error,2.82,100,mock_heavy
1773929914.405598,error,3.27,100,web_fetch
1773929914.406767,error,3.15,100,mock_heavy
1773929914.408350,error,2.71,100,calculate
1773929914.409403,error,2.34,100,mock_heavy
1773929914.410536,error,2.28,100,mock_heavy
1773929914.448381,success,617.99,100,web_fetch
1773929914.449096,success,1420.99,100,mock_heavy
1773929914.449705,error,4.36,100,calculate
1773929914.450915,error,3.81,100,calculate
1773929914.451966,error,3.50,100,web_fetch
1773929914.454175,error,2.37,100,calculate
1773929914.478784,success,1543.47,100,mock_heavy
1773929914.511065,error,3.23,100,web_fetch
1773929914.512630,error,2.78,100,mock_heavy
1773929914.513735,error,2.83,100,web_fetch
1773929914.514864,error,2.37,100,web_fetch
1773929914.516025,error,1.77,100,web_fetch
1773929914.543056,success,784.73,100,calculate
1773929914.543596,error,2.83,100,web_fetch
1773929914.545159,error,1.89,100,calculate
1773929914.545858,error,1.74,100,calculate
1773929914.588236,error,3.72,100,mock_heavy
1773929914.589820,error,4.10,100,mock_heavy
1773929914.590668,error,3.42,100,mock_heavy
1773929914.591401,error,3.27,100,web_fetch
1773929914.592875,error,1.88,100,web_fetch
1773929914.665380,success,1143.28,100,web_fetch
1773929914.666479,error,3.54,100,web_fetch
1773929914.667674,error,2.93,100,calculate
1773929914.668284,error,2.42,100,mock_heavy
1773929914.668906,error,3.00,100,calculate
1773929914.671223,error,1.80,100,web_fetch
1773929914.695977,error,2.90,100,calculate
1773929914.696691,error,3.35,100,mock_heavy
1773929914.697689,error,3.50,100,calculate
1773929914.699429,error,2.96,100,calculate
1773929914.700040,error,3.56,100,calculate
1773929914.701733,error,3.06,100,mock_heavy
1773929914.702926,error,2.40,100,mock_heavy
1773929914.704146,error,1.86,100,mock_heavy
1773929914.742893,error,2.63,100,mock_heavy
1773929914.743436,error,3.11,100,calculate
1773929914.744899,error,2.75,100,calculate
1773929914.745902,error,2.91,100,calculate
1773929914.747082,error,3.38,100,web_fetch
1773929914.748194,error,3.25,100,web_fetch
1773929914.749876,error,1.57,100,calculate
1773929914.751036,error,1.68,100,calculate
1773929914.773566,success,1050.48,100,calculate
1773929914.805492,error,2.27,100,web_fetch
1773929914.835142,success,1005.77,100,calculate
1773929914.836786,error,3.14,100,calculate
1773929914.837233,error,3.26,100,web_fetch
1773929914.838439,error,2.63,100,calculate
1773929914.839350,error,2.26,100,web_fetch
1773929914.850288,error,3.04,100,calculate
1773929914.851254,error,3.16,100,calculate
1773929914.852255,error,3.29,100,calculate
1773929914.853868,error,2.97,100,web_fetch
1773929914.854975,error,2.42,100,calculate
1773929914.856110,error,2.41,100,web_fetch
1773929914.881016,error,3.44,100,web_fetch
1773929914.881994,error,3.59,100,calculate
1773929914.882995,error,3.24,100,web_fetch
1773929914.884461,error,3.38,100,calculate
1773929914.886180,error,2.77,100,calculate
1773929914.887294,error,3.22,100,web_fetch
1773929914.888402,error,2.11,100,web_fetch
1773929914.889503,error,2.97,100,web_fetch
1773929914.890514,error,2.55,100,calculate
1773929914.891903,error,1.82,100,calculate
1773929914.926041,error,2.88,100,web_fetch
1773929914.926597,rejected,2.32,100,calculate
1773929914.928368,rejected,1.66,100,web_fetch
1773929914.930031,rejected,1.99,100,calculate
1773929914.931061,rejected,1.53,100,web_fetch
1773929914.932022,error,2.32,100,web_fetch
1773929914.932592,rejected,2.26,100,calculate
1773929914.970988,error,2.73,100,calculate
1773929915.002713,error,3.11,100,web_fetch
1773929915.065122,success,837.43,100,calculate
1773929915.094759,error,3.21,100,mock_heavy
1773929915.095763,error,3.33,100,mock_heavy
1773929915.096869,error,3.44,100,mock_heavy
1773929915.098532,error,2.40,100,web_fetch
1773929915.099585,error,2.03,100,mock_heavy
1773929915.173272,error,3.36,100,web_fetch
1773929915.174425,error,2.21,100,calculate
1773929915.175652,error,2.04,100,web_fetch
1773929915.203875,error,1.72,100,mock_heavy
1773929915.265771,success,651.25,100,calculate
1773929915.296317,error,2.12,100,mock_heavy
1773929915.313273,success,708.99,100,calculate
1773929915.328337,error,2.94,100,calculate
1773929915.329410,error,3.37,100,web_fetch
1773929915.357509,error,1.12,100,mock_heavy
1773929915.358051,error,1.27,100,mock_heavy
1773929915.404193,error,2.48,100,calculate
1773929915.404922,error,1.75,100,web_fetch
1773929915.404967,error,1.71,100,calculate
1773929915.405729,error,1.51,100,mock_heavy
1773929915.406585,rejected,0.66,100,web_fetch
1773929915.450949,error,1.80,100,mock_heavy
1773929915.450949,error,2.37,100,web_fetch
1773929915.452056,rejected,1.22,100,calculate
1773929915.452056,error,1.27,100,web_fetch
1773929915.452753,rejected,1.22,100,mock_heavy
1773929915.453321,rejected,0.88,100,web_fetch
1773929915.454086,rejected,0.83,100,web_fetch
1773929915.454199,rejected,0.75,100,calculate
1773929915.513730,success,1329.78,100,mock_heavy
1773929915.515356,error,1.96,100,mock_heavy
1773929915.591867,error,2.32,100,calculate
1773929915.592556,error,2.64,100,calculate
1773929915.593483,error,2.29,100,mock_heavy
1773929915.594188,error,2.81,100,calculate
1773929915.595192,error,2.90,100,web_fetch
1773929915.596341,rejected,2.38,100,web_fetch
1773929915.597023,rejected,2.30,100,calculate
1773929915.598143,rejected,1.72,100,web_fetch
1773929915.599323,rejected,1.11,100,mock_heavy
1773929915.622441,error,2.14,100,web_fetch
1773929915.623441,rejected,1.07,100,calculate
1773929915.653915,error,3.35,100,calculate
1773929915.654592,error,2.13,100,mock_heavy
1773929915.698923,success,557.45,100,web_fetch
1773929915.699576,error,2.41,100,web_fetch
1773929915.702016,rejected,1.73,100,web_fetch
1773929915.703014,rejected,1.28,100,mock_heavy
1773929915.745422,error,2.17,100,mock_heavy
1773929915.777219,error,1.88,100,web_fetch
1773929915.778216,error,2.97,100,web_fetch
1773929915.779614,error,2.64,100,mock_heavy
1773929915.779931,rejected,2.32,100,web_fetch
1773929915.781191,rejected,2.08,100,calculate
1773929915.783269,rejected,1.03,100,mock_heavy
1773929915.807660,success,618.90,100,web_fetch
1773929915.809783,rejected,1.10,100,mock_heavy
1773929915.809839,rejected,2.07,100,calculate
1773929915.810878,rejected,2.07,100,calculate
1773929915.840910,error,2.23,100,mock_heavy
1773929915.843664,error,2.43,100,calculate
1773929915.843693,rejected,3.50,100,web_fetch
1773929915.844893,rejected,2.88,100,calculate
1773929915.846651,rejected,1.17,100,web_fetch
1773929915.870085,success,386.29,100,calculate
1773929915.871670,error,2.13,100,mock_heavy
1773929915.872542,rejected,2.28,100,mock_heavy
1773929915.872692,rejected,2.67,100,mock_heavy
1773929915.873798,rejected,2.16,100,mock_heavy
1773929915.947899,success,511.76,100,calculate
1773929915.948488,error,2.30,100,web_fetch
1773929915.993539,error,2.78,100,web_fetch
1773929915.994235,error,2.65,100,calculate
1773929915.995241,error,2.20,100,mock_heavy
1773929916.022259,success,437.98,100,calculate
1773929916.023238,error,3.48,100,calculate
1773929916.024295,rejected,2.42,100,calculate
1773929916.025289,rejected,2.29,100,web_fetch
1773929916.026164,rejected,1.42,100,web_fetch
1773929916.055558,success,726.65,100,web_fetch
1773929916.056663,error,2.30,100,web_fetch
1773929916.057217,rejected,2.71,100,calculate
1773929916.058372,rejected,1.84,100,web_fetch
1773929916.060208,rejected,2.12,100,calculate
1773929916.061207,rejected,2.34,100,mock_heavy
1773929916.062330,rejected,2.41,100,calculate
1773929916.063546,rejected,2.36,100,calculate
1773929916.064738,rejected,1.26,100,mock_heavy
1773929916.086303,error,3.10,100,mock_heavy
1773929916.087303,rejected,2.10,100,web_fetch
1773929916.132767,success,1309.43,100,mock_heavy
1773929916.179489,success,664.02,100,calculate
1773929916.180130,error,3.19,100,calculate
1773929916.181127,error,3.40,100,web_fetch
1773929916.182762,error,3.06,100,mock_heavy
1773929916.183774,rejected,2.04,100,calculate
1773929916.184774,rejected,2.15,100,web_fetch
1773929916.185818,rejected,2.15,100,web_fetch
1773929916.209752,error,3.36,100,web_fetch
1773929916.210433,rejected,2.77,100,web_fetch
1773929916.211431,error,2.54,100,web_fetch
1773929916.240074,error,2.56,100,calculate
1773929916.241503,rejected,2.16,100,web_fetch
1773929916.242080,rejected,1.58,100,web_fetch
1773929916.256910,success,1432.41,100,mock_heavy
1773929916.258006,rejected,1.61,100,calculate
1773929916.258619,rejected,2.40,100,web_fetch
1773929916.259618,rejected,2.53,100,web_fetch
1773929916.261023,rejected,1.59,100,mock_heavy
1773929916.302823,error,2.13,100,web_fetch
1773929916.365264,success,782.28,100,web_fetch
1773929916.366812,error,2.61,100,mock_heavy
1773929916.367464,error,2.51,100,mock_heavy
1773929916.368026,error,2.98,100,web_fetch
1773929916.369426,rejected,1.58,100,calculate
1773929916.411673,error,1.71,100,web_fetch
1773929916.412379,error,2.06,100,web_fetch
1773929916.458519,success,1493.13,100,mock_heavy
1773929916.520251,success,783.70,100,calculate
1773929916.522012,error,1.98,100,mock_heavy
1773929916.522756,error,1.89,100,web_fetch
1773929916.567715,error,3.97,100,mock_heavy
1773929916.569335,error,2.35,100,calculate
1773929916.569893,error,2.89,100,mock_heavy
1773929916.613950,success,873.24,100,calculate
1773929916.643833,error,3.06,100,calculate
1773929916.645416,error,2.54,100,calculate
1773929916.646046,error,2.45,100,web_fetch
1773929916.646897,error,2.29,100,mock_heavy
1773929916.720741,error,4.19,100,mock_heavy
1773929916.722342,error,3.58,100,web_fetch
1773929916.722887,error,3.04,100,mock_heavy
1773929916.724274,error,2.92,100,calculate
1773929916.765511,success,845.65,100,calculate
1773929916.766510,error,3.80,100,mock_heavy
1773929916.767512,rejected,2.80,100,mock_heavy
1773929916.768829,rejected,2.04,100,mock_heavy
1773929916.769765,rejected,2.69,100,web_fetch
1773929916.771424,error,2.04,100,web_fetch
1773929916.772458,rejected,2.44,100,web_fetch
1773929916.773466,rejected,2.52,100,web_fetch
1773929916.775017,rejected,2.25,100,calculate
1773929916.775984,rejected,2.55,100,calculate
1773929916.777322,rejected,1.89,100,calculate
1773929916.778662,rejected,2.14,100,mock_heavy
1773929916.779786,rejected,1.85,100,calculate
1773929916.781085,rejected,2.10,100,mock_heavy
1773929916.782212,rejected,0.98,100,mock_heavy
1773929916.811687,error,1.99,100,mock_heavy
1773929916.842048,success,862.69,100,calculate
1773929916.871992,error,3.28,100,web_fetch
1773929916.872697,error,3.38,100,mock_heavy
1773929916.873773,error,3.62,100,calculate
1773929916.875530,rejected,2.43,100,web_fetch
1773929916.876847,rejected,2.45,100,calculate
1773929916.877958,rejected,2.59,100,web_fetch
1773929916.879293,rejected,2.42,100,mock_heavy
1773929916.880551,rejected,2.30,100,mock_heavy
1773929916.881741,rejected,1.30,100,mock_heavy
1773929916.917850,error,3.63,100,calculate
1773929916.918849,rejected,2.63,100,calculate
1773929916.918849,error,2.63,100,mock_heavy
1773929916.920434,rejected,3.07,100,mock_heavy
1773929916.922503,rejected,2.04,100,web_fetch
1773929916.923504,rejected,1.60,100,web_fetch
1773929916.963784,error,3.38,100,calculate
1773929916.964789,error,2.37,100,calculate
1773929916.965521,rejected,2.68,100,mock_heavy
1773929916.966599,rejected,2.86,100,web_fetch
1773929916.968205,rejected,1.53,100,web_fetch
1773929916.969734,rejected,1.00,100,calculate
1773929917.008312,error,2.14,100,web_fetch
1773929917.039468,success,1504.88,100,mock_heavy
1773929917.040209,error,2.24,100,calculate
1773929917.041218,error,1.79,100,mock_heavy
1773929917.070195,error,2.73,100,mock_heavy
1773929917.071711,rejected,2.55,100,web_fetch
1773929917.072723,error,2.64,100,calculate
1773929917.074153,rejected,2.23,100,mock_heavy
1773929917.075358,rejected,2.28,100,mock_heavy
1773929917.076383,rejected,1.41,100,calculate
1773929917.101325,error,3.56,100,calculate
1773929917.102338,rejected,2.54,100,mock_heavy
1773929917.103778,rejected,2.14,100,mock_heavy
1773929917.104882,rejected,2.60,100,mock_heavy
1773929917.105922,rejected,2.68,100,web_fetch
1773929917.107506,rejected,1.63,100,calculate
1773929917.132172,success,1528.43,100,mock_heavy
1773929917.149077,rejected,2.96,100,mock_heavy
1773929917.149077,error,2.99,100,calculate
1773929917.178917,error,2.79,100,calculate
1773929917.179466,error,2.78,100,mock_heavy
1773929917.180508,rejected,1.74,100,calculate
1773929917.209339,error,3.42,100,calculate
1773929917.209926,rejected,2.84,100,calculate
1773929917.211169,error,2.94,100,calculate
1773929917.212703,rejected,1.41,100,calculate
1773929917.240313,error,2.74,100,calculate
1773929917.302797,error,2.89,100,calculate
1773929917.303952,error,2.76,100,web_fetch
1773929917.305144,error,2.61,100,calculate
1773929917.306488,rejected,2.25,100,calculate
1773929917.307755,rejected,2.38,100,web_fetch
1773929917.308741,rejected,2.56,100,web_fetch
1773929917.310167,rejected,2.26,100,mock_heavy
1773929917.311422,rejected,1.04,100,mock_heavy
1773929917.348888,success,805.46,100,calculate
1773929917.395081,error,3.49,100,calculate
1773929917.396114,error,3.01,100,calculate
1773929917.396685,error,2.96,100,mock_heavy
1773929917.397841,error,2.57,100,mock_heavy
1773929917.439891,error,3.48,100,calculate
1773929917.441652,error,2.90,100,calculate
1773929917.442824,rejected,2.50,100,web_fetch
1773929917.444009,rejected,2.55,100,mock_heavy
1773929917.445322,rejected,2.36,100,calculate
1773929917.446563,rejected,2.51,100,calculate
1773929917.447679,rejected,2.56,100,calculate
1773929917.449071,rejected,1.27,100,calculate
1773929917.471165,error,2.44,100,mock_heavy
1773929917.472173,error,1.99,100,web_fetch
1773929917.473026,rejected,1.10,100,web_fetch
1773929917.534246,success,822.38,100,web_fetch
1773929917.535278,error,1.44,100,web_fetch
1773929917.535278,error,2.59,100,mock_heavy
1773929917.580397,error,2.84,100,calculate
1773929917.581134,error,3.21,100,calculate
1773929917.582133,rejected,3.25,100,web_fetch
1773929917.584305,rejected,2.35,100,web_fetch
1773929917.585386,rejected,2.26,100,calculate
1773929917.586651,rejected,2.20,100,calculate
1773929917.587646,rejected,2.44,100,calculate
1773929917.589395,rejected,1.24,100,mock_heavy
1773929917.611712,error,2.40,100,web_fetch
1773929917.611712,error,2.40,100,calculate
1773929917.613476,rejected,1.68,100,web_fetch
1773929917.656862,success,918.98,100,web_fetch
1773929917.689370,success,870.45,100,calculate
1773929917.690456,error,2.41,100,mock_heavy
1773929917.691046,rejected,3.03,100,web_fetch
1773929917.692320,error,2.85,100,web_fetch
1773929917.693530,rejected,2.52,100,web_fetch
1773929917.694616,rejected,2.60,100,calculate
1773929917.696179,rejected,1.29,100,calculate
1773929917.697466,rejected,2.04,100,web_fetch
1773929917.698533,rejected,2.03,100,mock_heavy
1773929917.699504,rejected,2.01,100,web_fetch
1773929917.700559,rejected,1.57,100,calculate
1773929917.702129,rejected,2.05,100,mock_heavy
1773929917.703132,rejected,1.61,100,mock_heavy
1773929917.733406,error,3.31,100,mock_heavy
1773929917.734981,error,2.28,100,web_fetch
1773929917.735538,rejected,1.73,100,calculate
1773929917.779487,error,3.08,100,mock_heavy
1773929917.780204,error,2.94,100,web_fetch
1773929917.781201,rejected,2.85,100,calculate
1773929917.782597,rejected,2.69,100,mock_heavy
1773929917.784050,rejected,2.41,100,mock_heavy
1773929917.785336,rejected,2.29,100,calculate
1773929917.786518,rejected,2.09,100,web_fetch
1773929917.787627,rejected,2.33,100,web_fetch
1773929917.788613,rejected,2.52,100,web_fetch
1773929917.789952,rejected,2.32,100,calculate
1773929917.791132,rejected,2.11,100,calculate
1773929917.792271,error,3.30,100,mock_heavy
1773929917.794240,rejected,2.04,100,mock_heavy
1773929917.795248,rejected,2.53,100,web_fetch
1773929917.796275,rejected,2.27,100,mock_heavy
1773929917.797958,rejected,1.77,100,calculate
1773929917.799065,rejected,0.94,100,web_fetch
1773929917.799969,rejected,1.46,100,web_fetch
1773929917.800009,rejected,1.98,100,web_fetch
1773929917.801428,rejected,1.17,100,calculate
1773929917.802510,rejected,0.09,100,calculate
1773929917.841717,success,907.01,100,web_fetch
1773929917.842717,error,2.44,100,web_fetch
1773929917.843807,rejected,1.89,100,calculate
1773929917.844353,rejected,1.34,100,web_fetch
1773929917.873683,success,1013.59,100,web_fetch
1773929917.874787,error,2.71,100,web_fetch
1773929917.874787,rejected,2.71,100,web_fetch
1773929917.876433,rejected,2.06,100,mock_heavy
1773929917.877500,rejected,2.52,100,mock_heavy
1773929917.878495,rejected,2.65,100,mock_heavy
1773929917.880015,rejected,2.23,100,mock_heavy
1773929917.881147,rejected,1.62,100,calculate
1773929917.905118,error,3.71,100,mock_heavy
1773929917.906119,rejected,3.36,100,web_fetch
1773929917.906979,rejected,3.59,100,web_fetch
1773929917.907601,rejected,2.41,100,web_fetch
1773929917.908926,rejected,2.19,100,web_fetch
1773929917.910565,rejected,1.71,100,calculate
1773929917.935182,error,2.27,100,mock_heavy
1773929917.936821,error,1.19,100,web_fetch
1773929917.952202,error,2.06,100,calculate
1773929917.953241,rejected,2.17,100,calculate
1773929917.954263,rejected,2.46,100,mock_heavy
1773929917.955663,rejected,2.15,100,mock_heavy
1773929917.956785,rejected,2.33,100,calculate
1773929917.957812,rejected,1.44,100,calculate
1773929917.997992,error,3.42,100,calculate
1773929917.998991,error,3.07,100,calculate
1773929918.000051,rejected,2.97,100,calculate
1773929918.001507,rejected,2.59,100,web_fetch
1773929918.003099,rejected,1.54,100,calculate
1773929918.043080,error,2.74,100,web_fetch
1773929918.043763,error,3.08,100,web_fetch
1773929918.044760,rejected,3.09,100,web_fetch
1773929918.045820,rejected,2.05,100,web_fetch
1773929918.075090,error,2.53,100,web_fetch
1773929918.076124,error,2.59,100,web_fetch
1773929918.076124,rejected,2.59,100,web_fetch
1773929918.077616,rejected,2.10,100,web_fetch
1773929918.121279,success,540.43,100,calculate
1773929918.122868,error,2.34,100,mock_heavy
1773929918.123428,rejected,1.78,100,web_fetch
1773929918.124088,rejected,1.66,100,calculate
1773929918.153290,error,3.66,100,mock_heavy
1773929918.154350,error,3.71,100,web_fetch
1773929918.155687,rejected,2.93,100,mock_heavy
1773929918.157514,rejected,1.65,100,mock_heavy
1773929918.185332,error,2.39,100,calculate
1773929918.186499,rejected,1.78,100,web_fetch
1773929918.187168,rejected,1.68,100,calculate
1773929918.246648,error,2.78,100,web_fetch
1773929918.247752,error,2.26,100,calculate
1773929918.248302,error,1.71,100,mock_heavy
1773929918.293285,error,3.07,100,mock_heavy
1773929918.293959,error,3.53,100,mock_heavy
1773929918.294964,error,2.52,100,calculate
1773929918.296913,rejected,2.17,100,web_fetch
1773929918.297485,rejected,2.15,100,mock_heavy
1773929918.299084,rejected,1.75,100,mock_heavy
1773929918.299640,rejected,2.22,100,web_fetch
1773929918.301857,rejected,1.11,100,mock_heavy
1773929918.339469,success,515.53,100,web_fetch
1773929918.340469,error,2.38,100,calculate
1773929918.341747,rejected,2.14,100,mock_heavy
1773929918.342291,rejected,1.60,100,mock_heavy
1773929918.417996,success,1054.21,100,mock_heavy
1773929918.419708,error,2.45,100,web_fetch
1773929918.420460,error,2.27,100,web_fetch
1773929918.421047,error,1.68,100,calculate
1773929918.480696,error,1.75,100,web_fetch
1773929918.483488,error,2.09,100,web_fetch
1773929918.484498,error,1.62,100,mock_heavy
1773929918.527655,error,2.89,100,mock_heavy
1773929918.530546,error,2.27,100,mock_heavy
1773929918.531540,rejected,2.97,100,web_fetch
1773929918.532641,error,2.45,100,web_fetch
1773929918.533947,rejected,1.14,100,web_fetch
1773929918.575844,success,340.80,100,web_fetch
1773929918.576836,error,2.38,100,calculate
1773929918.605609,error,3.58,100,web_fetch
1773929918.606610,rejected,2.55,100,mock_heavy
1773929918.607826,rejected,2.73,100,calculate
1773929918.609191,rejected,2.57,100,calculate
1773929918.610557,rejected,1.49,100,mock_heavy
1773929918.653234,success,186.59,100,calculate
1773929918.654235,error,2.24,100,mock_heavy
1773929918.654866,error,1.61,100,web_fetch
1773929918.655927,rejected,1.58,100,web_fetch
1773929918.684608,success,309.39,100,web_fetch
1773929918.685732,rejected,1.13,100,web_fetch
1773929918.731287,success,200.35,100,calculate
1773929918.749084,success,276.55,100,calculate
1773929918.750077,rejected,2.76,100,calculate
1773929918.750077,success,353.13,100,calculate
1773929918.751816,success,412.45,100,calculate
1773929918.752836,rejected,2.61,100,mock_heavy
1773929918.753915,rejected,2.53,100,web_fetch
1773929918.755442,rejected,2.39,100,mock_heavy
1773929918.756440,rejected,2.56,100,mock_heavy
1773929918.757829,rejected,2.60,100,web_fetch
1773929918.758997,rejected,2.70,100,mock_heavy
1773929918.760602,rejected,1.10,100,mock_heavy
1773929918.761678,rejected,2.08,100,web_fetch
1773929918.762700,rejected,1.63,100,calculate
1773929918.763755,rejected,1.71,100,web_fetch
1773929918.764910,rejected,1.66,100,calculate
1773929918.766026,rejected,1.69,100,calculate
1773929918.767092,rejected,1.75,100,calculate
1773929918.767717,rejected,2.20,100,mock_heavy
1773929918.768841,rejected,2.78,100,mock_heavy
1773929918.769958,rejected,1.67,100,calculate
1773929918.770516,rejected,1.11,100,calculate
1773929918.807858,success,417.29,100,calculate
1773929918.808912,error,2.72,100,calculate
1773929918.809792,rejected,1.29,100,mock_heavy
1773929918.809935,rejected,2.79,100,mock_heavy
1773929918.811085,rejected,2.18,100,calculate
1773929918.812182,error,3.11,100,mock_heavy
1773929918.813268,rejected,2.02,100,mock_heavy
1773929918.814001,rejected,1.86,100,calculate
1773929918.839819,success,417.90,100,calculate
1773929918.840811,rejected,2.40,100,mock_heavy
1773929918.841869,rejected,1.37,100,web_fetch
1773929918.885199,error,2.61,100,mock_heavy
1773929918.886200,error,2.88,100,calculate
1773929918.889076,rejected,1.01,100,calculate
1773929918.932398,success,1251.33,100,mock_heavy
1773929918.933393,error,2.55,100,mock_heavy
1773929918.934232,error,2.93,100,web_fetch
1773929918.934876,rejected,2.29,100,calculate
1773929918.936165,rejected,1.00,100,web_fetch
1773929918.977575,error,2.31,100,web_fetch
1773929918.994002,success,1342.05,100,mock_heavy
1773929919.023114,error,2.52,100,mock_heavy
1773929919.024117,error,2.64,100,web_fetch
1773929919.055517,success,1464.22,100,mock_heavy
1773929919.056635,error,2.33,100,mock_heavy
1773929919.057184,rejected,1.78,100,web_fetch
1773929919.058416,rejected,1.58,100,mock_heavy
1773929919.059992,rejected,1.80,100,calculate
1773929919.061249,rejected,1.65,100,calculate
1773929919.062345,rejected,1.28,100,web_fetch
1773929919.063605,rejected,1.06,100,mock_heavy
1773929919.100981,error,3.57,100,mock_heavy
1773929919.102657,error,2.59,100,calculate
1773929919.103995,rejected,1.25,100,calculate
1773929919.146560,error,3.24,100,calculate
1773929919.148146,error,2.22,100,web_fetch
1773929919.148797,rejected,2.55,100,calculate
1773929919.150371,rejected,1.98,100,calculate
1773929919.151345,error,2.63,100,calculate
1773929919.152346,rejected,1.63,100,calculate
1773929919.162202,rejected,2.06,100,calculate
1773929919.163202,rejected,3.19,100,calculate
1773929919.165299,rejected,1.20,100,calculate
1773929919.225146,success,833.33,100,calculate
1773929919.255559,success,881.65,100,calculate
1773929919.257156,error,2.35,100,web_fetch
1773929919.258282,error,1.79,100,calculate
1773929919.301759,success,2113.04,100,mock_heavy
1773929919.303331,error,1.39,100,mock_heavy
1773929919.332786,error,2.70,100,web_fetch
1773929919.363350,success,1187.16,100,web_fetch
1773929919.363922,error,3.25,100,mock_heavy
1773929919.364962,error,2.36,100,calculate
1773929919.366136,rejected,2.18,100,web_fetch
1773929919.367318,rejected,0.99,100,web_fetch
1773929919.393242,error,2.80,100,mock_heavy
1773929919.393957,error,3.18,100,web_fetch
1773929919.394955,rejected,2.18,100,web_fetch
1773929919.396587,rejected,2.14,100,mock_heavy
1773929919.398185,rejected,2.19,100,calculate
1773929919.399287,rejected,2.25,100,calculate
1773929919.400378,rejected,2.22,100,calculate
1773929919.401537,rejected,2.18,100,calculate
1773929919.402603,rejected,2.21,100,calculate
1773929919.403721,rejected,2.31,100,web_fetch
1773929919.404816,rejected,2.37,100,mock_heavy
1773929919.406031,rejected,1.69,100,mock_heavy
1773929919.439559,error,1.75,100,calculate
1773929919.469935,error,3.03,100,calculate
1773929919.471654,error,1.91,100,mock_heavy
1773929919.500932,error,2.93,100,calculate
1773929919.502013,error,2.40,100,web_fetch
1773929919.502726,rejected,1.68,100,web_fetch
1773929919.531559,error,1.75,100,calculate
1773929919.532315,error,2.61,100,calculate
1773929919.562177,error,2.76,100,calculate
1773929919.593729,error,2.92,100,web_fetch
1773929919.594487,error,3.25,100,mock_heavy
1773929919.595485,rejected,2.25,100,calculate
1773929919.596648,rejected,2.18,100,web_fetch
1773929919.597740,rejected,2.13,100,web_fetch
1773929919.598825,rejected,2.01,100,calculate
1773929919.624305,error,2.75,100,web_fetch
1773929919.654598,success,819.00,100,calculate
1773929919.685865,error,3.26,100,web_fetch
1773929919.687397,error,2.29,100,mock_heavy
1773929919.687944,rejected,1.74,100,web_fetch
1773929919.732176,error,2.74,100,calculate
1773929919.763725,error,3.51,100,web_fetch
1773929919.764811,error,2.47,100,calculate
1773929919.766185,error,1.77,100,calculate
1773929919.809967,success,1604.27,100,mock_heavy
1773929919.841930,error,3.02,100,calculate
1773929919.842483,error,3.51,100,calculate
1773929919.873066,error,3.14,100,calculate
1773929919.873811,error,2.97,100,calculate
1773929919.874867,error,1.92,100,web_fetch
1773929919.902890,error,2.71,100,mock_heavy
1773929919.934815,error,2.28,100,calculate
1773929919.964972,error,2.82,100,mock_heavy
1773929919.967795,error,2.85,100,calculate
1773929919.996333,error,2.98,100,mock_heavy
1773929919.996992,error,2.86,100,mock_heavy
1773929919.997992,rejected,1.86,100,web_fetch
1773929920.042184,success,725.50,100,calculate
1773929920.058474,error,2.27,100,calculate
1773929920.059048,error,2.24,100,calculate
1773929920.061258,rejected,1.06,100,web_fetch
1773929920.088846,error,2.76,100,calculate
1773929920.089521,rejected,2.09,100,mock_heavy
1773929920.091611,error,3.01,100,calculate
1773929920.135457,success,1449.52,100,mock_heavy
1773929920.136815,error,5.83,100,web_fetch
1773929920.137900,rejected,4.75,100,calculate
1773929920.138457,rejected,5.18,100,calculate
1773929920.142647,rejected,2.07,100,mock_heavy
1773929920.143637,rejected,2.72,100,calculate
1773929920.144714,rejected,2.20,100,mock_heavy
1773929920.181304,error,3.14,100,web_fetch
1773929920.183100,error,1.95,100,web_fetch
1773929920.211442,error,2.63,100,mock_heavy
1773929920.304139,success,850.36,100,web_fetch
1773929920.305279,error,1.76,100,mock_heavy
1773929920.334912,error,2.35,100,calculate
1773929920.381395,success,740.84,100,calculate
1773929920.382661,error,3.39,100,calculate
1773929920.383502,error,3.18,100,mock_heavy
1773929920.384330,error,3.34,100,calculate
1773929920.385412,error,3.37,100,calculate
1773929920.387110,error,2.79,100,mock_heavy
1773929920.387722,rejected,2.18,100,web_fetch
1773929920.389324,rejected,1.64,100,mock_heavy
1773929920.390965,rejected,2.05,100,calculate
1773929920.391952,error,3.13,100,web_fetch
1773929920.393012,rejected,2.63,100,mock_heavy
1773929920.394194,rejected,2.42,100,web_fetch
1773929920.395082,rejected,1.75,100,web_fetch
1773929920.426513,error,2.66,100,web_fetch
1773929920.427525,rejected,1.64,100,mock_heavy
1773929920.472363,error,1.78,100,mock_heavy
1773929920.518451,success,1066.53,100,web_fetch
1773929920.550512,error,2.13,100,web_fetch
1773929920.551512,error,1.68,100,mock_heavy
1773929920.579804,error,2.83,100,web_fetch
1773929920.611275,success,909.88,100,calculate
1773929920.611824,error,2.40,100,mock_heavy
1773929920.612967,error,1.81,100,calculate
1773929920.688875,error,3.66,100,mock_heavy
1773929920.689576,error,3.62,100,web_fetch
1773929920.690588,error,2.61,100,web_fetch
1773929920.691977,error,2.32,100,web_fetch
1773929920.734750,success,1668.91,100,mock_heavy
1773929920.766707,error,1.54,100,calculate
1773929920.796838,error,2.00,100,web_fetch
1773929920.797838,error,2.08,100,mock_heavy
1773929920.828390,success,1020.09,100,web_fetch
1773929920.858836,error,2.69,100,web_fetch
1773929920.889853,error,1.69,100,calculate
1773929920.890542,error,2.13,100,web_fetch
1773929920.934994,error,3.33,100,mock_heavy
1773929920.936668,error,3.01,100,calculate
1773929920.937216,error,3.02,100,web_fetch
1773929920.938870,error,2.35,100,calculate
1773929920.940237,error,1.99,100,mock_heavy
1773929920.982639,success,818.96,100,calculate
1773929920.983735,error,2.74,100,mock_heavy
1773929920.984331,error,2.88,100,calculate
1773929921.028126,error,3.54,100,calculate
1773929921.029256,error,2.41,100,calculate
1773929921.029731,rejected,2.94,100,web_fetch
1773929921.031122,rejected,2.71,100,calculate
1773929921.032697,error,2.40,100,mock_heavy
1773929921.034001,rejected,1.10,100,calculate
1773929921.034548,rejected,2.57,100,mock_heavy
1773929921.036128,rejected,2.22,100,calculate
1773929921.037121,rejected,2.44,100,web_fetch
1773929921.038351,rejected,2.35,100,calculate
1773929921.039560,rejected,1.18,100,calculate
1773929921.074822,error,2.77,100,web_fetch
1773929921.105603,error,3.66,100,calculate
1773929921.107259,error,2.00,100,web_fetch
1773929921.108145,rejected,2.17,100,web_fetch
1773929921.109259,rejected,2.14,100,web_fetch
1773929921.110311,rejected,1.64,100,web_fetch
1773929921.152721,error,2.58,100,web_fetch
1773929921.153942,error,2.46,100,mock_heavy
1773929921.198733,error,3.49,100,web_fetch
1773929921.199373,error,3.62,100,calculate
1773929921.200372,error,3.74,100,calculate
1773929921.201663,rejected,2.90,100,mock_heavy
1773929921.203557,rejected,1.01,100,calculate
1773929921.260373,success,695.58,100,web_fetch
1773929921.290574,error,2.00,100,web_fetch
1773929921.321305,error,1.77,100,web_fetch
1773929921.322073,error,2.30,100,calculate
1773929921.367352,error,2.59,100,calculate
1773929921.368359,error,2.14,100,mock_heavy
1773929921.398326,error,2.24,100,mock_heavy
1773929921.414796,success,697.67,100,web_fetch
1773929921.415781,error,2.04,100,mock_heavy
1773929921.458526,error,2.41,100,calculate
1773929921.459667,error,1.52,100,mock_heavy
1773929921.505097,error,2.36,100,calculate
1773929921.521157,error,2.51,100,mock_heavy
1773929921.565969,success,485.28,100,calculate
1773929921.584977,error,3.29,100,calculate
1773929921.585969,error,2.30,100,calculate
1773929921.587115,error,1.70,100,calculate
1773929921.628928,success,452.41,100,calculate
1773929921.629660,error,2.33,100,web_fetch
1773929921.675250,success,484.47,100,calculate
1773929921.676004,error,3.27,100,mock_heavy
1773929921.677008,error,2.48,100,web_fetch
1773929921.678079,error,1.95,100,web_fetch
1773929921.707064,error,2.00,100,calculate
1773929921.753664,success,649.99,100,web_fetch
1773929921.755271,error,2.54,100,calculate
1773929921.755868,error,2.47,100,mock_heavy
1773929921.756725,error,1.69,100,web_fetch
1773929921.785596,error,2.35,100,web_fetch
1773929921.786693,rejected,1.25,100,calculate
1773929921.801603,error,2.13,100,calculate
1773929921.802608,rejected,1.67,100,mock_heavy
1773929921.832163,error,3.16,100,web_fetch
1773929921.832711,error,2.64,100,calculate
1773929921.834346,rejected,1.01,100,calculate
1773929921.893763,success,1295.67,100,mock_heavy
1773929921.895289,error,2.29,100,calculate
1773929921.895891,error,32.34,100,mock_heavy
1773929921.897020,rejected,31.21,100,web_fetch
1773929921.898210,success,1322.06,100,mock_heavy
1773929921.928787,rejected,0.67,100,calculate
1773929921.928817,rejected,1.19,100,web_fetch
1773929921.954954,error,2.04,100,mock_heavy
1773929921.954954,error,2.32,100,calculate
1773929921.955954,rejected,1.25,100,mock_heavy
1773929921.955954,rejected,1.32,100,calculate
1773929921.955954,rejected,1.32,100,mock_heavy
1773929922.002508,error,3.47,100,web_fetch
1773929922.003509,error,2.47,100,web_fetch
1773929922.004182,rejected,3.13,100,mock_heavy
1773929922.005414,rejected,2.46,100,web_fetch
1773929922.006767,rejected,1.76,100,web_fetch
1773929922.049591,success,645.01,100,calculate
1773929922.050678,error,2.57,100,calculate
1773929922.052030,error,1.37,100,calculate
1773929922.080209,error,2.64,100,web_fetch
1773929922.081343,rejected,1.51,100,calculate
1773929922.111206,success,830.88,100,web_fetch
1773929922.157314,success,846.17,100,calculate
1773929922.159175,error,2.31,100,web_fetch
1773929922.160340,error,1.70,100,calculate
1773929922.187534,error,2.35,100,calculate
1773929922.233657,success,816.21,100,calculate
1773929922.235319,error,2.20,100,web_fetch
1773929922.264926,error,1.77,100,web_fetch
1773929922.265603,error,2.25,100,mock_heavy
1773929922.310823,error,3.30,100,mock_heavy
1773929922.312382,error,2.31,100,calculate
1773929922.312936,error,2.06,100,mock_heavy
1773929922.341712,success,1002.81,100,web_fetch
1773929922.342429,rejected,2.19,100,mock_heavy
1773929922.343436,rejected,1.73,100,web_fetch
1773929922.371958,error,2.85,100,web_fetch
1773929922.372630,error,3.46,100,web_fetch
1773929922.373624,rejected,2.47,100,calculate
1773929922.374804,rejected,2.78,100,calculate
1773929922.376635,rejected,1.49,100,calculate
1773929922.403656,error,3.27,100,mock_heavy
1773929922.404627,rejected,2.30,100,calculate
1773929922.405628,rejected,2.36,100,mock_heavy
1773929922.406930,rejected,2.44,100,calculate
1773929922.407989,rejected,2.73,100,mock_heavy
1773929922.409371,rejected,2.52,100,calculate
1773929922.410896,rejected,2.17,100,mock_heavy
1773929922.411893,error,2.67,100,mock_heavy
1773929922.413356,rejected,2.13,100,mock_heavy
1773929922.414015,rejected,1.47,100,web_fetch
1773929922.447640,error,2.67,100,calculate
1773929922.449376,rejected,1.49,100,web_fetch
1773929922.478320,error,2.91,100,calculate
1773929922.479447,error,2.35,100,web_fetch
1773929922.479999,rejected,2.79,100,web_fetch
1773929922.481799,rejected,2.34,100,mock_heavy
1773929922.482786,rejected,2.65,100,web_fetch
1773929922.484134,rejected,2.46,100,web_fetch
1773929922.485469,rejected,1.84,100,calculate
1773929922.486771,rejected,2.17,100,mock_heavy
1773929922.487870,rejected,2.26,100,web_fetch
1773929922.489067,rejected,1.26,100,web_fetch
1773929922.490324,rejected,1.68,100,mock_heavy
1773929922.491462,rejected,1.17,100,web_fetch
1773929922.492631,error,2.04,100,calculate
1773929922.524720,error,2.24,100,mock_heavy
1773929922.525853,rejected,1.10,100,mock_heavy
1773929922.570794,error,2.67,100,mock_heavy
1773929922.571423,error,2.59,100,mock_heavy
1773929922.601080,success,619.19,100,calculate
1773929922.602683,error,2.54,100,calculate
1773929922.603419,rejected,2.32,100,web_fetch
1773929922.603961,rejected,1.81,100,web_fetch
1773929922.631253,error,3.13,100,calculate
1773929922.632250,error,3.67,100,calculate
1773929922.633253,rejected,2.67,100,web_fetch
1773929922.634932,rejected,2.46,100,calculate
1773929922.636466,rejected,1.01,100,calculate
1773929922.677908,success,544.10,100,calculate
1773929922.679460,error,1.89,100,calculate
1773929922.680250,rejected,1.65,100,mock_heavy
1773929922.725008,error,2.75,100,mock_heavy
1773929922.726621,error,1.68,100,calculate
1773929922.785717,error,2.34,100,calculate
1773929922.786842,error,1.21,100,calculate
1773929922.863334,error,0.99,100,web_fetch
1773929922.863334,error,0.99,100,mock_heavy
1773929922.894087,error,1.54,100,mock_heavy
1773929922.894087,error,1.56,100,web_fetch
1773929922.894087,error,1.56,100,calculate
1773929922.895120,error,1.05,100,calculate
1773929922.940951,success,283.29,100,calculate
1773929922.942610,error,1.60,100,web_fetch
1773929922.943161,error,1.57,100,web_fetch
1773929922.971551,success,253.69,100,calculate
1773929922.972598,error,2.89,100,mock_heavy
1773929922.973681,rejected,1.81,100,mock_heavy
1773929922.974228,rejected,2.75,100,calculate
1773929922.976026,rejected,2.03,100,mock_heavy
1773929922.976977,rejected,2.14,100,mock_heavy
1773929922.978051,rejected,2.40,100,mock_heavy
1773929922.979650,rejected,2.02,100,mock_heavy
1773929922.980455,rejected,2.37,100,calculate
1773929922.981669,rejected,2.28,100,mock_heavy
1773929922.982824,rejected,1.65,100,calculate
1773929923.003483,error,2.24,100,calculate
1773929923.004040,rejected,2.24,100,calculate
1773929923.032798,error,4.27,100,calculate
1773929923.034513,error,2.55,100,mock_heavy
1773929923.035074,rejected,1.99,100,web_fetch
1773929923.049865,rejected,3.04,100,mock_heavy
1773929923.050851,rejected,2.51,100,mock_heavy
1773929923.051851,success,175.37,100,calculate
1773929923.095121,error,4.24,100,web_fetch
1773929923.096107,error,4.30,100,calculate
1773929923.097170,rejected,2.19,100,web_fetch
1773929923.097170,rejected,3.80,100,calculate
1773929923.098796,rejected,3.22,100,web_fetch
1773929923.100410,rejected,2.80,100,mock_heavy
1773929923.102017,rejected,2.36,100,calculate
1773929923.103278,rejected,2.05,100,mock_heavy
1773929923.104376,rejected,1.51,100,mock_heavy
1773929923.173820,success,61.41,100,calculate
1773929923.220811,success,896.55,100,mock_heavy
1773929923.221907,success,275.49,100,web_fetch
1773929923.235233,success,433.52,100,web_fetch
1773929923.235783,success,1036.51,100,mock_heavy
1773929923.237303,success,725.39,100,web_fetch
1773929923.237892,success,1251.12,100,mock_heavy
1773929923.238500,rejected,1.26,100,mock_heavy
1773929923.296255,success,868.46,100,calculate
1773929923.297345,success,1855.44,100,mock_heavy
1773929923.297953,error,1.95,100,web_fetch
1773929923.298513,rejected,1.94,100,mock_heavy
1773929923.342525,success,1068.67,100,calculate
1773929923.343887,error,1.82,100,mock_heavy
1773929923.344579,rejected,1.67,100,mock_heavy
1773929923.372729,error,3.44,100,web_fetch
1773929923.373673,error,2.50,100,calculate
1773929923.374671,rejected,1.50,100,web_fetch
1773929923.403888,error,3.32,100,calculate
1773929923.404509,rejected,2.80,100,web_fetch
1773929923.405508,rejected,2.80,100,mock_heavy
1773929923.407311,rejected,2.08,100,mock_heavy
1773929923.408309,rejected,2.12,100,web_fetch
1773929923.409390,rejected,2.89,100,calculate
1773929923.410428,error,3.06,100,web_fetch
1773929923.450504,success,1207.20,100,web_fetch
1773929923.451174,rejected,3.17,100,mock_heavy
1773929923.452175,error,3.29,100,web_fetch
1773929923.453749,rejected,1.71,100,web_fetch
1773929923.454906,rejected,1.58,100,calculate
1773929923.481120,error,2.59,100,mock_heavy
1773929923.483707,rejected,1.99,100,calculate
1773929923.484695,rejected,1.00,100,web_fetch
1773929923.527679,success,1206.98,100,web_fetch
1773929923.529481,error,1.81,100,mock_heavy
1773929923.558550,error,4.15,100,web_fetch
1773929923.560319,error,3.50,100,calculate
1773929923.561598,rejected,3.21,100,calculate
1773929923.563267,rejected,3.12,100,mock_heavy
1773929923.564813,rejected,1.57,100,web_fetch
1773929923.605710,error,2.71,100,web_fetch
1773929923.652708,error,1.79,100,calculate
1773929923.655042,error,2.41,100,web_fetch
1773929923.656080,error,1.92,100,calculate
1773929923.656810,error,1.90,100,calculate
1773929923.698744,success,1158.66,100,web_fetch
1773929923.699391,error,2.60,100,calculate
1773929923.914587,error,2.00,100,web_fetch
1773929923.961693,error,2.05,100,mock_heavy
1773929923.992883,error,1.57,100,calculate
1773929924.022718,error,2.80,100,calculate
1773929924.147877,success,1470.13,100,mock_heavy
1773929924.317665,success,1425.09,100,mock_heavy
1773929924.319404,error,1.31,100,mock_heavy
1773929924.564520,success,1282.48,100,mock_heavy
1773929924.717970,success,497.51,100,calculate
1773929925.245146,success,249.54,100,calculate
1773929925.276364,success,388.04,100,calculate
1773929925.338082,success,482.57,100,web_fetch
1773929925.570421,success,303.29,100,web_fetch
1773929925.742752,success,104.83,100,calculate
1773929925.788551,success,212.52,100,web_fetch
1773929925.874247,success,4.26,100,calculate
1773929925.958472,success,157.22,100,web_fetch
1773929925.990212,success,5.50,100,calculate
1773929926.051844,success,157.36,100,web_fetch
1773929926.098042,success,156.26,100,web_fetch
1773929926.284698,success,5.64,100,calculate
1773929926.331207,success,885.21,100,mock_heavy
1773929926.378616,success,913.63,100,mock_heavy
1773929926.472530,success,122.99,100,calculate
1773929926.517751,success,1085.07,100,mock_heavy
1773929926.548436,success,590.70,100,web_fetch
1773929926.594353,success,667.18,100,web_fetch
1773929926.718290,success,681.73,100,web_fetch
1773929926.719921,success,1408.21,100,mock_heavy
1773929926.858192,success,897.66,100,web_fetch
1773929926.952080,success,1391.72,100,mock_heavy
1773929926.982827,success,713.09,100,calculate
1773929927.030090,error,3.12,100,calculate
1773929927.076549,error,2.69,100,web_fetch
1773929927.337460,success,619.41,100,calculate
1773929927.493237,success,1403.12,100,mock_heavy
1773929927.662823,success,541.83,100,calculate
1773929927.740184,success,681.17,100,calculate
1773929927.740874,success,942.20,100,web_fetch
1773929927.986777,success,618.38,100,calculate
1773929928.017106,success,850.55,100,web_fetch
1773929928.127021,success,647.79,100,calculate
1773929928.265255,error,2.59,100,calculate
1773929928.312685,success,660.85,100,web_fetch
1773929928.313265,error,2.40,100,calculate
1773929928.343804,error,2.26,100,mock_heavy
1773929928.420027,success,477.28,100,calculate
1773929928.497764,error,2.04,100,calculate
1773929928.559265,success,340.74,100,calculate
1773929928.559968,error,2.91,100,web_fetch
1773929928.727922,success,325.65,100,web_fetch
1773929928.866059,success,188.59,100,web_fetch
1773929928.896352,success,8.02,100,calculate
1773929929.112623,success,201.23,100,web_fetch
1773929929.190647,success,184.88,100,web_fetch
1773929929.252796,success,883.21,100,mock_heavy
1773929929.405087,success,916.25,100,mock_heavy
1773929929.512987,success,973.06,100,mock_heavy
1773929929.683815,success,466.58,100,web_fetch
1773929929.713711,success,592.38,100,web_fetch
1773929929.838833,success,451.94,100,calculate
1773929929.962992,success,528.28,100,web_fetch
1773929930.056857,success,1175.40,100,mock_heavy
1773929930.133893,success,525.97,100,web_fetch
1773929930.135315,success,1237.08,100,mock_heavy
1773929930.660374,success,954.95,100,mock_heavy
1773929930.690123,success,418.85,100,calculate
1773929930.829025,success,1486.58,100,mock_heavy
1773929930.875866,success,620.66,100,calculate
1773929930.920980,success,775.41,100,web_fetch
1773929930.921979,success,992.26,100,web_fetch
1773929930.999659,success,930.39,100,web_fetch
1773929931.664406,success,1023.33,100,mock_heavy
1773929931.789420,success,264.69,100,calculate
1773929931.852236,success,1268.31,100,mock_heavy
1773929931.960546,success,1203.81,100,mock_heavy
1773929932.022476,success,1447.21,100,mock_heavy
1773929932.023451,success,1605.20,100,mock_heavy
1773929932.054115,success,1125.35,100,calculate
1773929932.593671,success,692.26,100,calculate
1773929933.118569,success,321.68,100,calculate
1773929933.331195,success,138.49,100,calculate
1773929933.469686,success,139.73,100,calculate
1773929933.607441,success,22.80,100,calculate
1773929933.608832,success,907.46,100,mock_heavy
1773929933.715216,success,232.28,100,web_fetch
1773929933.870356,success,246.43,100,web_fetch
1773929933.916311,success,246.14,100,web_fetch
1773929933.948054,success,306.42,100,web_fetch
1773929934.069501,success,910.27,100,mock_heavy
1773929934.117320,success,367.88,100,web_fetch
1773929934.207385,success,986.95,100,mock_heavy
1773929934.238641,success,402.44,100,calculate
1773929934.469346,success,401.84,100,web_fetch
1773929934.562675,success,508.06,100,web_fetch
1773929934.915638,success,93.27,100,calculate
1773929935.175970,success,847.70,100,mock_heavy
1773929935.268593,success,262.05,100,web_fetch
1773929935.406222,success,124.42,100,calculate
1773929935.576611,success,920.39,100,mock_heavy
1773929935.791831,success,324.04,100,web_fetch
1773929936.023670,success,61.24,100,calculate
1773929936.024213,success,966.44,100,mock_heavy
1773929936.085462,success,213.61,100,calculate
1773929936.085462,success,366.35,100,web_fetch
1773929936.114731,success,383.36,100,calculate
1773929936.267627,success,353.02,100,calculate
1773929936.328599,success,539.46,100,web_fetch
1773929936.452360,success,507.22,100,web_fetch
1773929936.496004,success,1177.23,100,mock_heavy
1773929936.527123,success,1378.69,100,mock_heavy
1773929936.619213,success,729.96,100,calculate
1773929936.680503,success,790.44,100,calculate
1773929936.758349,success,728.48,100,calculate
1773929936.789751,error,2.81,100,calculate
1773929936.912934,success,681.76,100,calculate
1773929937.021160,success,884.68,100,web_fetch
1773929937.022726,error,1.87,100,web_fetch
1773929937.053056,error,1.76,100,web_fetch
1773929937.098891,error,2.04,100,mock_heavy
1773929937.192111,success,805.68,100,web_fetch
1773929937.223677,error,1.67,100,mock_heavy
1773929937.470948,success,1221.66,100,mock_heavy
1773929937.810354,success,944.14,100,mock_heavy
1773929937.904351,success,184.69,100,calculate
1773929937.998345,success,1032.76,100,mock_heavy
1773929937.999452,success,289.00,100,calculate
1773929937.999847,success,1463.22,100,mock_heavy
1773929938.151024,success,926.48,100,web_fetch
1773929938.152027,success,1635.69,100,mock_heavy
1773929938.153078,success,1139.02,100,web_fetch
1773929938.335073,success,1776.08,100,mock_heavy
1773929938.429040,success,1358.12,100,web_fetch
1773929938.659395,success,1727.84,100,mock_heavy
1773929939.018782,success,815.87,100,calculate
