run_id,seed,variant,repeat,sessions,total_sessions,concurrency,failure_rate,success,workflow_success_rate,admitted_sessions,admitted_success_rate,rejected_s0,step0_reject_rate,cascade_failed,partial,client_rc,client_timed_out,error,elapsed_s,throughput_workflows_s,effective_goodput,p50_ms,p95_ms,p99_ms,gateway_pid,backend_pid,resource_sample_interval_s,gateway_process_samples,backend_process_samples,gateway_cpu_delta_s,gateway_cpu_user_s,gateway_cpu_system_s,gateway_peak_rss_mb,gateway_avg_rss_mb,backend_cpu_delta_s,backend_peak_rss_mb,backend_avg_rss_mb,state_ops_available,state_store_ops,reservation_ops,checkpoint_writes,checkpoint_reads,checkpoint_deletes,commitment_token_validations,react_session_creates,react_session_releases,resume_attempted,resume_recovered,post_resume_success,duplicate_side_effect,side_effects_committed
baseline_gateway_C20_r0,20260622,baseline_gateway,0,1000,1000,20,0.0,1000,1.0,1000,1.0,0,0.0,0,0,0,0,,2.7568,362.7431,362.7431,10.652,22.62,77.003,38100,19724,0.2,13,13,3.2656,1.8438,1.4219,21.19,19.25,0.0,3.39,3.39,False,NA,NA,NA,NA,NA,NA,NA,NA,0,0,0,0,1000
baseline_gateway_C20_r1,20260719,baseline_gateway,1,1000,1000,20,0.0,1000,1.0,1000,1.0,0,0.0,0,0,0,0,,2.4054,415.7357,415.7357,10.298,21.737,27.253,46400,19724,0.2,12,12,4.6094,3.0,1.6094,21.35,19.27,0.0,3.39,3.39,False,NA,NA,NA,NA,NA,NA,NA,NA,0,0,0,0,1000
baseline_gateway_C20_r2,20260816,baseline_gateway,2,1000,1000,20,0.0,1000,1.0,1000,1.0,0,0.0,0,0,0,0,,2.328,429.5488,429.5488,10.138,20.587,27.932,15272,19724,0.2,12,12,4.0469,2.5469,1.5,20.95,19.13,0.0,3.39,3.39,False,NA,NA,NA,NA,NA,NA,NA,NA,0,0,0,0,1000
baseline_gateway_C20_r3,20260913,baseline_gateway,3,1000,1000,20,0.0,1000,1.0,1000,1.0,0,0.0,0,0,0,0,,2.5095,398.491,398.491,10.943,21.777,26.476,47852,19724,0.2,12,12,4.1562,2.4375,1.7188,22.04,19.48,0.0,3.39,3.39,False,NA,NA,NA,NA,NA,NA,NA,NA,0,0,0,0,1000
baseline_gateway_C20_r4,20261010,baseline_gateway,4,1000,1000,20,0.0,1000,1.0,1000,1.0,0,0.0,0,0,0,0,,2.3103,432.8521,432.8521,10.017,21.111,24.472,37620,19724,0.2,11,11,3.2656,2.0625,1.2031,21.65,19.4,0.0,3.39,3.39,False,NA,NA,NA,NA,NA,NA,NA,NA,0,0,0,0,1000
baseline_gateway_C50_r0,20260652,baseline_gateway,0,1000,1000,50,0.0,1000,1.0,1000,1.0,0,0.0,0,0,0,0,,1.9101,523.5192,523.5192,20.13,42.393,66.185,11952,19724,0.2,10,10,4.0938,2.375,1.7188,30.53,26.37,0.0,3.36,3.36,False,NA,NA,NA,NA,NA,NA,NA,NA,0,0,0,0,1000
baseline_gateway_C50_r1,20260749,baseline_gateway,1,1000,1000,50,0.0,1000,1.0,1000,1.0,0,0.0,0,0,0,0,,1.908,524.116,524.116,20.41,46.178,64.983,55596,19724,0.2,10,10,3.5156,2.0625,1.4531,29.58,25.99,0.0,3.36,3.36,False,NA,NA,NA,NA,NA,NA,NA,NA,0,0,0,0,1000
baseline_gateway_C50_r2,20260846,baseline_gateway,2,1000,1000,50,0.0,1000,1.0,1000,1.0,0,0.0,0,0,0,0,,1.7842,560.4846,560.4846,18.944,38.66,68.773,31520,19724,0.2,9,9,4.2656,2.7344,1.5312,28.92,25.41,0.0,3.36,3.36,False,NA,NA,NA,NA,NA,NA,NA,NA,0,0,0,0,1000
baseline_gateway_C50_r3,20260943,baseline_gateway,3,1000,1000,50,0.0,1000,1.0,1000,1.0,0,0.0,0,0,0,0,,1.7528,570.5043,570.5043,19.499,40.229,55.26,5988,19724,0.2,9,9,3.9531,2.4531,1.5,30.29,26.01,0.0,3.36,3.36,False,NA,NA,NA,NA,NA,NA,NA,NA,0,0,0,0,1000
baseline_gateway_C50_r4,20261040,baseline_gateway,4,1000,1000,50,0.0,1000,1.0,1000,1.0,0,0.0,0,0,0,0,,1.8216,548.9574,548.9574,19.735,39.997,64.784,15604,19724,0.2,9,9,3.7656,2.125,1.6406,29.7,25.31,0.0,3.36,3.36,False,NA,NA,NA,NA,NA,NA,NA,NA,0,0,0,0,1000
baseline_gateway_C100_r0,20260702,baseline_gateway,0,1000,1000,100,0.0,1000,1.0,1000,1.0,0,0.0,0,0,0,0,,1.7624,567.4219,567.4219,37.562,84.016,158.433,23072,19724,0.2,9,9,3.4688,2.0312,1.4375,41.79,34.86,0.0,3.36,3.36,False,NA,NA,NA,NA,NA,NA,NA,NA,0,0,0,0,1000
baseline_gateway_C100_r1,20260799,baseline_gateway,1,1000,1000,100,0.0,1000,1.0,1000,1.0,0,0.0,0,0,0,0,,1.7696,565.1113,565.1113,38.171,85.661,180.136,36536,19724,0.2,9,9,4.4375,2.5625,1.875,40.45,33.97,0.0,3.36,3.36,False,NA,NA,NA,NA,NA,NA,NA,NA,0,0,0,0,1000
baseline_gateway_C100_r2,20260896,baseline_gateway,2,1000,1000,100,0.0,1000,1.0,1000,1.0,0,0.0,0,0,0,0,,1.7871,559.566,559.566,36.927,86.089,161.899,23364,19724,0.2,9,9,4.0469,2.5156,1.5312,40.86,33.6,0.0,3.36,3.36,False,NA,NA,NA,NA,NA,NA,NA,NA,0,0,0,0,1000
baseline_gateway_C100_r3,20260993,baseline_gateway,3,1000,1000,100,0.0,1000,1.0,1000,1.0,0,0.0,0,0,0,0,,1.9023,525.6823,525.6823,38.988,88.213,139.679,42720,19724,0.2,10,10,4.5625,2.6562,1.9062,42.34,35.59,0.0,3.36,3.36,False,NA,NA,NA,NA,NA,NA,NA,NA,0,0,0,0,1000
baseline_gateway_C100_r4,20261090,baseline_gateway,4,1000,1000,100,0.0,1000,1.0,1000,1.0,0,0.0,0,0,0,0,,1.842,542.8817,542.8817,39.855,87.395,167.932,44568,19724,0.2,9,9,3.0781,1.6562,1.4219,40.37,33.92,0.0,3.36,3.36,False,NA,NA,NA,NA,NA,NA,NA,NA,0,0,0,0,1000
plangate_adaptive_C20_r0,20260622,plangate_adaptive,0,1000,1000,20,0.0,1000,1.0,1000,1.0,0,0.0,0,0,0,0,,2.3671,422.4609,422.4609,9.65,20.3,24.725,22808,27616,0.2,12,12,4.9688,3.2969,1.6719,26.09,21.96,0.0,3.39,3.39,False,NA,NA,NA,NA,NA,NA,NA,NA,0,0,0,0,1000
plangate_adaptive_C20_r1,20260719,plangate_adaptive,1,1000,1000,20,0.0,1000,1.0,1000,1.0,0,0.0,0,0,0,0,,2.2064,453.229,453.229,9.934,19.369,24.271,40076,27616,0.2,11,11,4.5156,2.7031,1.8125,25.36,21.49,0.0,3.39,3.39,False,NA,NA,NA,NA,NA,NA,NA,NA,0,0,0,0,1000
plangate_adaptive_C20_r2,20260816,plangate_adaptive,2,1000,1000,20,0.0,1000,1.0,1000,1.0,0,0.0,0,0,0,0,,2.3037,434.0814,434.0814,10.092,20.842,26.654,43740,27616,0.2,12,12,4.375,3.0312,1.3438,26.61,21.99,0.0,3.39,3.39,False,NA,NA,NA,NA,NA,NA,NA,NA,0,0,0,0,1000
plangate_adaptive_C20_r3,20260913,plangate_adaptive,3,1000,1000,20,0.0,1000,1.0,1000,1.0,0,0.0,0,0,0,0,,2.5743,388.4616,388.4616,11.425,22.132,27.86,36352,27616,0.2,13,13,5.7031,3.8594,1.8438,27.4,22.01,0.0,3.39,3.39,False,NA,NA,NA,NA,NA,NA,NA,NA,0,0,0,0,1000
plangate_adaptive_C20_r4,20261010,plangate_adaptive,4,1000,1000,20,0.0,1000,1.0,1000,1.0,0,0.0,0,0,0,0,,2.2511,444.2221,444.2221,9.869,21.116,26.847,51584,27616,0.2,11,11,4.3438,2.5469,1.7969,25.9,21.71,0.0,3.39,3.39,False,NA,NA,NA,NA,NA,NA,NA,NA,0,0,0,0,1000
plangate_adaptive_C50_r0,20260652,plangate_adaptive,0,1000,1000,50,0.0,1000,1.0,1000,1.0,0,0.0,0,0,0,0,,1.8479,541.1422,541.1422,19.828,39.088,60.46,43332,27616,0.2,9,9,3.5,2.25,1.25,33.99,28.72,0.0,3.36,3.36,False,NA,NA,NA,NA,NA,NA,NA,NA,0,0,0,0,1000
plangate_adaptive_C50_r1,20260749,plangate_adaptive,1,1000,1000,50,0.0,1000,1.0,1000,1.0,0,0.0,0,0,0,0,,1.8062,553.6617,553.6617,19.394,38.834,66.496,11140,27616,0.2,9,9,4.2656,2.7812,1.4844,34.28,28.83,0.0,3.36,3.36,False,NA,NA,NA,NA,NA,NA,NA,NA,0,0,0,0,1000
plangate_adaptive_C50_r2,20260846,plangate_adaptive,2,1000,1000,50,0.0,1000,1.0,1000,1.0,0,0.0,0,0,0,0,,1.8526,539.7743,539.7743,19.936,42.635,71.843,20668,27616,0.2,9,9,4.4062,2.9531,1.4531,34.54,28.34,0.0,3.36,3.36,False,NA,NA,NA,NA,NA,NA,NA,NA,0,0,0,0,1000
plangate_adaptive_C50_r3,20260943,plangate_adaptive,3,1000,1000,50,0.0,1000,1.0,1000,1.0,0,0.0,0,0,0,0,,1.8388,543.825,543.825,19.983,39.721,70.822,40108,27616,0.2,9,9,4.4219,2.8594,1.5625,34.81,29.2,0.0,3.36,3.36,False,NA,NA,NA,NA,NA,NA,NA,NA,0,0,0,0,1000
plangate_adaptive_C50_r4,20261040,plangate_adaptive,4,1000,1000,50,0.0,1000,1.0,1000,1.0,0,0.0,0,0,0,0,,1.9728,506.8933,506.8933,20.65,48.483,80.135,11500,27616,0.2,10,10,5.4531,3.75,1.7031,34.18,28.23,0.0,3.36,3.36,False,NA,NA,NA,NA,NA,NA,NA,NA,0,0,0,0,1000
plangate_adaptive_C100_r0,20260702,plangate_adaptive,0,1000,1000,100,0.0,1000,1.0,1000,1.0,0,0.0,0,0,0,0,,1.7766,562.8596,562.8596,35.162,78.744,227.436,37536,27616,0.2,9,9,3.3125,1.9062,1.4062,47.45,37.89,0.0,3.36,3.36,False,NA,NA,NA,NA,NA,NA,NA,NA,0,0,0,0,1000
plangate_adaptive_C100_r1,20260799,plangate_adaptive,1,1000,1000,100,0.0,1000,1.0,1000,1.0,0,0.0,0,0,0,0,,1.8469,541.4494,541.4494,38.974,80.123,185.937,41960,27616,0.2,9,9,4.0938,2.7812,1.3125,45.64,37.34,0.0,3.36,3.36,False,NA,NA,NA,NA,NA,NA,NA,NA,0,0,0,0,1000
plangate_adaptive_C100_r2,20260896,plangate_adaptive,2,1000,1000,100,0.0,1000,1.0,1000,1.0,0,0.0,0,0,0,0,,1.784,560.5298,560.5298,39.208,73.871,202.319,35744,27616,0.2,9,9,4.4375,2.5781,1.8594,46.2,37.4,0.0,3.36,3.36,False,NA,NA,NA,NA,NA,NA,NA,NA,0,0,0,0,1000
plangate_adaptive_C100_r3,20260993,plangate_adaptive,3,1000,1000,100,0.0,1000,1.0,1000,1.0,0,0.0,0,0,0,0,,1.8887,529.4522,529.4522,39.203,90.574,179.067,19640,27616,0.2,9,9,4.5469,3.0156,1.5312,45.53,36.49,0.0,3.36,3.36,False,NA,NA,NA,NA,NA,NA,NA,NA,0,0,0,0,1000
plangate_adaptive_C100_r4,20261090,plangate_adaptive,4,1000,1000,100,0.0,1000,1.0,1000,1.0,0,0.0,0,0,0,0,,1.7795,561.9681,561.9681,36.961,76.218,211.752,31252,27616,0.2,9,9,3.5312,2.0156,1.5156,46.45,37.04,0.0,3.36,3.36,False,NA,NA,NA,NA,NA,NA,NA,NA,0,0,0,0,1000
plangate_adaptive_react_recovery_C20_r0,20260622,plangate_adaptive_react_recovery,0,1000,1000,20,0.0,1000,1.0,1000,1.0,0,0.0,0,0,0,0,,2.5337,394.6736,394.6736,10.941,20.898,24.336,48392,23204,0.2,13,13,5.6406,3.625,2.0156,27.16,22.39,0.0,3.39,3.39,False,NA,NA,NA,NA,NA,NA,NA,NA,0,0,0,0,1000
plangate_adaptive_react_recovery_C20_r1,20260719,plangate_adaptive_react_recovery,1,1000,1000,20,0.0,1000,1.0,1000,1.0,0,0.0,0,0,0,0,,2.4922,401.259,401.259,10.886,21.384,26.776,24668,23204,0.2,13,13,5.9375,3.9219,2.0156,25.7,22.13,0.0,3.39,3.39,False,NA,NA,NA,NA,NA,NA,NA,NA,0,0,0,0,1000
plangate_adaptive_react_recovery_C20_r2,20260816,plangate_adaptive_react_recovery,2,1000,1000,20,0.0,1000,1.0,1000,1.0,0,0.0,0,0,0,0,,2.5394,393.791,393.791,11.277,22.025,26.731,33484,23204,0.2,13,13,5.5469,3.75,1.7969,27.39,22.7,0.0,3.39,3.39,False,NA,NA,NA,NA,NA,NA,NA,NA,0,0,0,0,1000
plangate_adaptive_react_recovery_C20_r3,20260913,plangate_adaptive_react_recovery,3,1000,1000,20,0.0,1000,1.0,1000,1.0,0,0.0,0,0,0,0,,2.5213,396.6282,396.6282,11.133,21.408,26.768,40712,23204,0.2,13,13,5.3906,3.5312,1.8594,27.0,22.28,0.0,3.39,3.39,False,NA,NA,NA,NA,NA,NA,NA,NA,0,0,0,0,1000
plangate_adaptive_react_recovery_C20_r4,20261010,plangate_adaptive_react_recovery,4,1000,1000,20,0.0,1000,1.0,1000,1.0,0,0.0,0,0,0,0,,2.6059,383.7485,383.7485,11.684,21.96,25.456,20752,23204,0.2,13,13,5.2656,3.4844,1.7812,26.9,22.84,0.0,3.39,3.39,False,NA,NA,NA,NA,NA,NA,NA,NA,0,0,0,0,1000
plangate_adaptive_react_recovery_C50_r0,20260652,plangate_adaptive_react_recovery,0,1000,1000,50,0.0,1000,1.0,1000,1.0,0,0.0,0,0,0,0,,1.8099,552.5145,552.5145,19.52,40.929,60.854,15040,23204,0.2,9,9,3.9688,2.5625,1.4062,33.89,28.75,0.0,3.36,3.36,False,NA,NA,NA,NA,NA,NA,NA,NA,0,0,0,0,1000
plangate_adaptive_react_recovery_C50_r1,20260749,plangate_adaptive_react_recovery,1,1000,1000,50,0.0,1000,1.0,1000,1.0,0,0.0,0,0,0,0,,1.8285,546.899,546.899,19.716,40.978,66.848,7556,23204,0.2,9,9,3.9531,2.6562,1.2969,35.42,29.28,0.0,3.36,3.36,False,NA,NA,NA,NA,NA,NA,NA,NA,0,0,0,0,1000
plangate_adaptive_react_recovery_C50_r2,20260846,plangate_adaptive_react_recovery,2,1000,1000,50,0.0,1000,1.0,1000,1.0,0,0.0,0,0,0,0,,1.8339,545.2911,545.2911,20.036,41.103,73.566,52144,23204,0.2,9,9,4.4688,2.7969,1.6719,34.39,28.24,0.0,3.36,3.36,False,NA,NA,NA,NA,NA,NA,NA,NA,0,0,0,0,1000
plangate_adaptive_react_recovery_C50_r3,20260943,plangate_adaptive_react_recovery,3,1000,1000,50,0.0,1000,1.0,1000,1.0,0,0.0,0,0,0,0,,1.8348,545.015,545.015,21.273,37.926,64.366,8984,23204,0.2,9,9,3.4375,2.2812,1.1562,34.06,28.83,0.0,3.36,3.36,False,NA,NA,NA,NA,NA,NA,NA,NA,0,0,0,0,1000
plangate_adaptive_react_recovery_C50_r4,20261040,plangate_adaptive_react_recovery,4,1000,1000,50,0.0,1000,1.0,1000,1.0,0,0.0,0,0,0,0,,1.8875,529.8024,529.8024,20.361,41.849,71.341,43956,23204,0.2,10,10,4.9219,3.4062,1.5156,35.05,29.33,0.0,3.36,3.36,False,NA,NA,NA,NA,NA,NA,NA,NA,0,0,0,0,1000
plangate_adaptive_react_recovery_C100_r0,20260702,plangate_adaptive_react_recovery,0,1000,1000,100,0.0,1000,1.0,1000,1.0,0,0.0,0,0,0,0,,1.8018,554.9908,554.9908,37.98,84.981,204.031,49764,23204,0.2,9,9,5.0938,3.3281,1.7656,45.67,37.19,0.0,3.36,3.36,False,NA,NA,NA,NA,NA,NA,NA,NA,0,0,0,0,1000
plangate_adaptive_react_recovery_C100_r1,20260799,plangate_adaptive_react_recovery,1,1000,1000,100,0.0,1000,1.0,1000,1.0,0,0.0,0,0,0,0,,1.8325,545.6992,545.6992,39.646,81.215,144.373,40240,23204,0.2,9,9,4.75,3.1562,1.5938,45.75,37.42,0.0,3.36,3.36,False,NA,NA,NA,NA,NA,NA,NA,NA,0,0,0,0,1000
plangate_adaptive_react_recovery_C100_r2,20260896,plangate_adaptive_react_recovery,2,1000,1000,100,0.0,1000,1.0,1000,1.0,0,0.0,0,0,0,0,,1.819,549.7637,549.7637,35.806,84.057,148.543,21272,23204,0.2,9,9,3.7812,2.5,1.2812,45.93,37.29,0.0,3.36,3.36,False,NA,NA,NA,NA,NA,NA,NA,NA,0,0,0,0,1000
plangate_adaptive_react_recovery_C100_r3,20260993,plangate_adaptive_react_recovery,3,1000,1000,100,0.0,1000,1.0,1000,1.0,0,0.0,0,0,0,0,,1.7789,562.1435,562.1435,37.74,94.078,158.011,23256,23204,0.2,9,9,3.7656,2.375,1.3906,46.32,37.66,0.0,3.36,3.36,False,NA,NA,NA,NA,NA,NA,NA,NA,0,0,0,0,1000
plangate_adaptive_react_recovery_C100_r4,20261090,plangate_adaptive_react_recovery,4,1000,1000,100,0.0,1000,1.0,1000,1.0,0,0.0,0,0,0,0,,1.8134,551.4418,551.4418,39.577,95.537,153.744,52180,23204,0.2,9,9,4.6719,3.25,1.4219,46.17,37.02,0.0,3.36,3.36,False,NA,NA,NA,NA,NA,NA,NA,NA,0,0,0,0,1000
