task_id,server_name,combination_name,combination_type,source_file,estimated_steps,estimated_heavy_ratio,mode_hint
biomcp_001,BioMCP,Single Server: BioMCP,single_server,mcpbench_tasks_single_runner_format.json,4,0.23,mix
context7_000,Context7,Single Server: Context7,single_server,mcpbench_tasks_single_runner_format.json,4,0.2,mix
dex_paprika_001,DEX Paprika,Single Server: DEX Paprika,single_server,mcpbench_tasks_single_runner_format.json,4,0.17,mix
fruityvice_000,FruityVice,Single Server: FruityVice,single_server,mcpbench_tasks_single_runner_format.json,5,0.17,mix
game_trends_001,Game Trends,Single Server: Game Trends,single_server,mcpbench_tasks_single_runner_format.json,4,0.2,mix
google_maps_weather_data_000,Google Maps+Weather Data,Location Services,two_server_combinations,mcpbench_tasks_multi_2server_runner_format.json,6,0.26,mix
google_maps_weather_data_national_parks_000,Google Maps+Weather Data+National Parks,Travel Planning Suite,three_server_combinations,mcpbench_tasks_multi_3server_runner_format.json,8,0.23,mix
google_maps_weather_data_national_parks_001,Google Maps+Weather Data+National Parks,Travel Planning Suite,three_server_combinations,mcpbench_tasks_multi_3server_runner_format.json,8,0.23,mix
hugging_face_paper_search_001,Hugging Face+Paper Search,AI Research,two_server_combinations,mcpbench_tasks_multi_2server_runner_format.json,6,0.26,mix
hugging_face_paper_search_wikipedia_001,Hugging Face+Paper Search+Wikipedia,AI Research Hub,three_server_combinations,mcpbench_tasks_multi_3server_runner_format.json,8,0.29000000000000004,mix
medical_calculator_000,Medical Calculator,Single Server: Medical Calculator,single_server,mcpbench_tasks_single_runner_format.json,4,0.23,mix
medical_calculator_fruityvice_biomcp_000,Medical Calculator+FruityVice+BioMCP,Health Platform,three_server_combinations,mcpbench_tasks_multi_3server_runner_format.json,8,0.17,mix
medical_calculator_fruityvice_biomcp_001,Medical Calculator+FruityVice+BioMCP,Health Platform,three_server_combinations,mcpbench_tasks_multi_3server_runner_format.json,8,0.2,mix
medical_calculator_wikipedia_fruityvice_001,Medical Calculator+Wikipedia+FruityVice,Health Advisor,three_server_combinations,mcpbench_tasks_multi_3server_runner_format.json,5,0.2,mix
metropolitan_museum_huge_icons_wikipedia_001,Metropolitan Museum+Huge Icons+Wikipedia,Creative Resources,three_server_combinations,mcpbench_tasks_multi_3server_runner_format.json,8,0.2,mix
metropolitan_museum_wikipedia_001,Metropolitan Museum+Wikipedia,Cultural Knowledge,two_server_combinations,mcpbench_tasks_multi_2server_runner_format.json,6,0.23,mix
nasa_data_google_maps_wikipedia_001,NASA Data+Google Maps+Wikipedia,Space Exploration,three_server_combinations,mcpbench_tasks_multi_3server_runner_format.json,8,0.23,mix
nixos_000,NixOS,Single Server: NixOS,single_server,mcpbench_tasks_single_runner_format.json,4,0.17,mix
openapi_explorer_paper_search_hugging_face_000,OpenAPI Explorer+Paper Search+Hugging Face,API Research Platform,three_server_combinations,mcpbench_tasks_multi_3server_runner_format.json,8,0.2,mix
openapi_explorer_paper_search_hugging_face_001,OpenAPI Explorer+Paper Search+Hugging Face,API Research Platform,three_server_combinations,mcpbench_tasks_multi_3server_runner_format.json,8,0.2,mix
paper_search_biomcp_000,Paper Search+BioMCP,Academic Research Duo,two_server_combinations,mcpbench_tasks_multi_2server_runner_format.json,6,0.29000000000000004,mix
reddit_001,Reddit,Single Server: Reddit,single_server,mcpbench_tasks_single_runner_format.json,4,0.17,mix
reddit_dex_paprika_001,Reddit+DEX Paprika,Social Markets,two_server_combinations,mcpbench_tasks_multi_2server_runner_format.json,6,0.23,mix
scientific_computing_math_mcp_000,Scientific Computing+Math MCP,Science Tools,two_server_combinations,mcpbench_tasks_multi_2server_runner_format.json,6,0.2,mix
scientific_computing_math_mcp_001,Scientific Computing+Math MCP,Science Tools,two_server_combinations,mcpbench_tasks_multi_2server_runner_format.json,6,0.2,mix
scientific_computing_unit_converter_000,Scientific Computing+Unit Converter,Research Tools,two_server_combinations,mcpbench_tasks_multi_2server_runner_format.json,6,0.17,mix
unit_converter_math_mcp_001,Unit Converter+Math MCP,Conversion Tools,two_server_combinations,mcpbench_tasks_multi_2server_runner_format.json,8,0.26,mix
weather_data_000,Weather Data,Single Server: Weather Data,single_server,mcpbench_tasks_single_runner_format.json,4,0.23,mix
weather_data_001,Weather Data,Single Server: Weather Data,single_server,mcpbench_tasks_single_runner_format.json,7,0.17,mix
wikipedia_paper_search_003,Wikipedia+Paper Search,Knowledge Base,two_server_combinations,mcpbench_tasks_multi_2server_runner_format.json,6,0.29000000000000004,mix
